name,size_bytes,suffix,date_modified,date_created,category,cleaned_name
+----------------------------------.txt,3112,.txt,2025-07-10,2025-07-10,Dataset or Code,+
.Rhistory,1297,,2025-12-22,2025-12-22,Other,Rhistory
._ipp2-source,178,,2022-09-07,2025-11-04,Other,ipp2 source
01 PCProcessorMicroarchitecture.pdf,170784,.pdf,2025-03-13,2025-03-13,Schoolwork,PC Processor Microarchitecture
01-probability-review.docx,19858,.docx,2025-12-09,2025-12-09,Schoolwork,probability review
01. WPS  PQR SMAW E6013.json,1645,.json,2025-07-02,2025-07-02,Dataset or Code,WPS PQR SMAW E6013
02 RealCloudComputer.pdf,2709157,.pdf,2025-03-20,2025-03-18,Dataset or Code,Real Cloud Computer
02-statistical-process.docx,23934,.docx,2025-12-18,2025-12-18,Dataset or Code,statistical process
03 How TI Adopted VLIW in DSP.pdf,1644275,.pdf,2025-03-27,2025-03-27,Dataset or Code,How TI Adopted VLIW in DSP
03-likelihood.docx,21781,.docx,2025-12-18,2025-12-18,Schoolwork,likelihood
03485f00-95ad-4b43-9900-5dae10eda43f.jfif,149291,.jfif,2024-10-28,2024-10-28,Photo or Image,03485f00-95ad-4b43-9900-5dae10eda43f.jfif
04 BFS and DFS Variations.pdf,788476,.pdf,2025-09-23,2025-09-23,Schoolwork or Course Material,BFS and DFS Variations
04-updating-priors.docx,19198,.docx,2025-12-18,2025-12-18,Schoolwork,updating priors
05-estimation.docx,24823,.docx,2025-12-18,2025-12-18,Schoolwork,estimation
05.06.25.pdf,46835,.pdf,2025-05-12,2025-05-12,Dataset or Code,06 25
05.08.25.pdf,67374,.pdf,2025-05-12,2025-05-12,Dataset or Code,08 25
06-prediction.docx,19859,.docx,2025-12-18,2025-12-18,Schoolwork,prediction
07-hypothesis-testing.docx,20173,.docx,2025-12-18,2025-12-18,Schoolwork,hypothesis testing
08 Knuth-Morris-Pratt String Matching.pdf,137716,.pdf,2025-10-07,2025-10-07,Dataset or Code,Knuth Morris Pratt String Matching
08-constructing-priors.docx,19643,.docx,2025-12-18,2025-12-18,Schoolwork,constructing priors
"09-09-25, 1538 Microsoft Lens.pdf",390242,.pdf,2025-09-09,2025-09-09,Dataset or Code,"09 25, 1538 Microsoft Lens"
09-mc-integration.docx,22896,.docx,2026-01-13,2026-01-13,Dataset or Code,mc integration
1 - Problem Statement Template.docx,19339,.docx,2025-01-10,2025-01-10,Financial,Problem Statement Template
1-3_FIrstExercise.pptx,15323934,.pptx,2025-03-19,2025-03-19,Schoolwork or Course Material,3 F Irst Exercise
1-4_Discussion.pptx,7114091,.pptx,2025-03-19,2025-03-19,Dataset or Code,4 Discussion
1-ScalarFunction.sql,337,.sql,2025-01-24,2025-01-24,Dataset or Code,Scalar Function
1.png,13735,.png,2024-10-26,2024-10-26,Photo or Image,1
1.pptx,10648602,.pptx,2025-05-27,2025-05-27,Dataset or Code,1
10.pptx,3134812,.pptx,2025-05-27,2025-05-27,Dataset or Code,10
10f52wnmuai61.jpg,62151,.jpg,2025-12-02,2025-12-02,Photo or Image,10f52wnmuai61
"11-09-24, 1927 Microsoft Lens-combined.pdf",2217852,.pdf,2024-09-11,2024-09-11,Dataset or Code,"09 24, 1927 Microsoft Lens combined"
"11-09-24, 1930 Microsoft Lens.pdf",359616,.pdf,2024-09-11,2024-09-11,Dataset or Code,"09 24, 1930 Microsoft Lens"
"11-09-24, 2138 Microsoft Lens.pdf",4511814,.pdf,2024-09-12,2024-09-12,Dataset or Code,"09 24, 2138 Microsoft Lens"
11.pptx,21979232,.pptx,2025-05-27,2025-05-27,Dataset or Code,11
12 Fenwick Trees.pdf,90066,.pdf,2025-10-22,2025-10-22,Schoolwork,Fenwick Trees
128bd0c4-baa7-420f-b42d-5302a5de2ee3.jfif,380913,.jfif,2025-03-25,2025-03-25,Photo or Image,128bd0c4-baa7-420f-b42d-5302a5de2ee3.jfif
"13-09-24, 1607 Microsoft Lens.pdf",1891953,.pdf,2024-09-13,2024-09-13,Dataset or Code,"09 24, 1607 Microsoft Lens"
"13-12-24, 1725 Microsoft Lens.pdf",352835,.pdf,2024-12-13,2024-12-13,Dataset or Code,"12 24, 1725 Microsoft Lens"
13.02.01 F-126 Subcontractor HSE Performance Evaluation R0.xlsx,622959,.xlsx,2025-06-27,2025-06-27,Research Paper,02 01 F 126 Subcontractor HSE Performance Evaluation R0
13.02.10 Consequence management R0.pdf,322018,.pdf,2025-08-12,2025-08-12,Dataset or Code,02 10 Consequence management R0
15 Polygons.pdf,1134220,.pdf,2025-11-04,2025-11-04,Dataset or Code,Polygons
"17-09-24, 1934 Microsoft Lens.pdf",1970764,.pdf,2024-09-17,2024-09-17,Dataset or Code,"09 24, 1934 Microsoft Lens"
"18-09-24, 2018 Microsoft Lens.pdf",2467293,.pdf,2024-09-19,2024-09-19,Dataset or Code,"09 24, 2018 Microsoft Lens"
2 - Problem Statement Sample.docx,26173,.docx,2025-01-10,2025-01-10,Financial,Problem Statement Sample
2-18-25-submission.ipynb,41789,.ipynb,2026-02-05,2026-02-05,Dataset or Code,18 25 submission
2-1_ExampleAndSciMethodAndLogistics.pptx,9871282,.pptx,2025-03-19,2025-03-19,Schoolwork,1 Example And Sci Method And Logistics
2-2_TrackingProblems.pptx,16436023,.pptx,2025-03-19,2025-03-19,Dataset or Code,2 Tracking Problems
2-3_TrackingProblems2.pptx,10012866,.pptx,2025-03-23,2025-03-23,Dataset or Code,3 Tracking Problems2
2-InLineTableValuedFuncton.sql,692,.sql,2025-01-24,2025-01-24,Dataset or Code,In Line Table Valued Functon
2.pptx,9635830,.pptx,2025-05-27,2025-05-27,Dataset or Code,2
"20-09-24, 2035 Microsoft Lens.pdf",1538344,.pdf,2024-09-21,2024-09-21,Dataset or Code,"09 24, 2035 Microsoft Lens"
2024 Employment Packet (Dynamics edit).pdf,550553,.pdf,2024-09-20,2024-09-20,Dataset or Code,Employment Packet (Dynamics edit)
2025-07-01.json,986,.json,2025-07-02,2025-07-02,Dataset or Code,07 01
20250220112830682.pdf,2474422,.pdf,2025-02-25,2025-02-25,Dataset or Code,20250220112830682
20250408160922441.pdf,7290066,.pdf,2025-04-10,2025-04-10,Dataset or Code,20250408160922441
24-10-24__03_46_Microsoft_Lens.pdf,1621570,.pdf,2024-10-24,2024-10-24,Dataset or Code,10 24 03 46 Microsoft Lens
25.ENERGY ISOLATION LOTO- (27.10.2023) HSE -OCP-25-R0.pdf,938458,.pdf,2025-08-12,2025-08-12,Dataset or Code,ENERGY ISOLATION LOTO (27 10 2023) HSE OCP 25 R0
252093906.pdf,8643304,.pdf,2024-11-01,2024-11-01,Dataset or Code,252093906
2526W MA483-01_ Lecture_ Bayesian Fundamentals_ Lecture 2.1_ Likelihoods _ RHIT.html,209280,.html,2025-12-18,2025-12-18,Schoolwork,2526W MA483 01 Lecture Bayesian Fundamentals Lecture 2 1 Likelihoods RHIT
"26-09-24, 0153 Microsoft Lens.pdf",2125915,.pdf,2024-09-26,2024-09-26,Dataset or Code,"09 24, 0153 Microsoft Lens"
"26-09-24, 0159 Microsoft Lens.pdf",824462,.pdf,2024-09-26,2024-09-26,Dataset or Code,"09 24, 0159 Microsoft Lens"
27750-Article Text-31804-1-2-20240324.pdf,1095690,.pdf,2025-05-19,2025-05-19,Dataset or Code,Article Text 31804 1 2 20240324
290 Reflection.pdf,37131,.pdf,2025-02-12,2025-02-12,Archive or Backup,Reflection
290.pdf,155160,.pdf,2024-12-06,2024-12-06,Dataset or Code,290
3-3_GrepSedAwk.pptx,11444966,.pptx,2025-03-31,2025-03-31,Archive or Backup,3 Grep Sed Awk
3-4_Awk.pptx,9507593,.pptx,2025-05-20,2025-05-20,Dataset or Code,4 Awk
3-MultiStatementTableValuedFunction.sql,1592,.sql,2025-01-24,2025-01-24,Dataset or Code,Multi Statement Table Valued Function
3.pptx,658802,.pptx,2025-05-27,2025-05-27,Dataset or Code,3
335 Quiz 1 Review.pdf,46981,.pdf,2025-09-29,2025-09-29,Schoolwork,Quiz 1 Review
374 project teams.jpg,454700,.jpg,2026-01-27,2026-01-27,Photo or Image,project teams
381OnlineSu18FinalExam-solutions.pdf,826739,.pdf,2025-02-25,2025-02-25,Schoolwork,381Online Su18Final Exam solutions
381OnlineSu18FinalExam.pdf,382943,.pdf,2025-02-25,2025-02-25,Schoolwork,381Online Su18Final Exam
3a420d29-af50-4902-85e4-634d9e8e3f96.jpeg,381509,.jpeg,2025-05-06,2025-05-06,Photo or Image,3a420d29-af50-4902-85e4-634d9e8e3f96.jpeg
3a420d29-af50-4902-85e4-634d9e8e3f96.pdf,582193,.pdf,2025-05-06,2025-05-06,Dataset or Code,3a420d29-af50-4902-85e4-634d9e8e3f96.pdf
"4-1-25, 12_00 Microsoft Lens.pdf",1885126,.pdf,2025-04-01,2025-04-01,Dataset or Code,"1 25, 12 00 Microsoft Lens"
"4-22-25, 07_33 Microsoft Lens.pdf",2049170,.pdf,2025-04-22,2025-04-22,Dataset or Code,"22 25, 07 33 Microsoft Lens"
4-2_ForcingFailureAndReproducing.pptx,37932668,.pptx,2025-04-01,2025-04-01,Archive or Backup,2 Forcing Failure And Reproducing
4.ans,3228,.ans,2025-11-13,2025-11-13,Other,4
4.in,10354,.in,2025-11-13,2025-11-13,Other,4
4.pptx,3031047,.pptx,2025-05-27,2025-05-27,Dataset or Code,4
422e3cca-be1b-43c5-b3f2-a54565543bd8.jfif,424380,.jfif,2025-03-25,2025-03-25,Photo or Image,422e3cca-be1b-43c5-b3f2-a54565543bd8.jfif
44028519-dc92-4d00-a8bf-3ac009e4cfb0.jfif,386615,.jfif,2025-03-25,2025-03-25,Photo or Image,dc92 4d00 a8bf 3ac009e4cfb0
469886999_1081612550643691_8147375156191606284_n.jpg,312965,.jpg,2025-01-13,2025-01-13,Photo or Image,1081612550643691 8147375156191606284 n
469937914_1082077320597214_6915947661339205730_n.jpg,331167,.jpg,2025-01-13,2025-01-13,Photo or Image,1082077320597214 6915947661339205730 n
5-2_MemoryManagement.pptx,31880847,.pptx,2025-04-14,2025-04-14,Schoolwork or Course Material,2 Memory Management
5-3_MemoryManagementWithValgrind.pptx,19330422,.pptx,2025-04-14,2025-04-14,Dataset or Code,3 Memory Management With Valgrind
5.ans,32037,.ans,2025-11-13,2025-11-13,Other,5
5.in,121934,.in,2025-11-13,2025-11-13,Other,5
5.pptx,14321005,.pptx,2025-05-27,2025-05-27,Dataset or Code,5
6-3_DeltaDebugging.pptx,10869215,.pptx,2025-04-24,2025-04-24,Dataset or Code,3 Delta Debugging
6.ans,32037,.ans,2025-11-13,2025-11-13,Other,6
6.in,121934,.in,2025-11-13,2025-11-13,Other,6
6.pptx,2588082,.pptx,2025-05-27,2025-05-27,Dataset or Code,6
6ad7aa46-17e8-4b37-b20b-273b99259ef7.jfif,81679,.jfif,2024-10-23,2024-10-23,Photo or Image,6ad7aa46-17e8-4b37-b20b-273b99259ef7.jfif
6d0d5dcf-60c9-4aab-96c4-9ddccd9d3f3d.jpeg,343095,.jpeg,2025-09-05,2025-09-05,Photo or Image,6d0d5dcf-60c9-4aab-96c4-9ddccd9d3f3d.jpeg
6ed4127a-3fec-4ae5-aa0f-4b8757c06c6d.jfif,306527,.jfif,2024-10-02,2024-10-02,Photo or Image,6ed4127a-3fec-4ae5-aa0f-4b8757c06c6d.jfif
7-2_Deduction.pptx,21894201,.pptx,2025-05-01,2025-05-01,Dataset or Code,2 Deduction
7-3_DeductionContinued.pptx,22320067,.pptx,2025-05-01,2025-05-01,Archive or Backup,3 Deduction Continued
7.ans,1210,.ans,2025-11-13,2025-11-13,Other,7
7.in,12622,.in,2025-11-13,2025-11-13,Other,7
7.pptx,15921338,.pptx,2025-05-27,2025-05-27,Dataset or Code,7
8-2_AssertionsContinued.pptx,17092311,.pptx,2025-05-11,2025-05-11,Dataset or Code,2 Assertions Continued
8-3_StatisticalDebugging.pptx,29538910,.pptx,2025-05-11,2025-05-11,Dataset or Code,3 Statistical Debugging
8.ans,12015,.ans,2025-11-13,2025-11-13,Other,8
8.in,139274,.in,2025-11-13,2025-11-13,Other,8
8.pptx,5150732,.pptx,2025-05-27,2025-05-27,Dataset or Code,8
839340853-The-Apothecary-Diaries-Web-Novel-Volume-15.pdf,2806115,.pdf,2025-07-13,2025-07-13,Dataset or Code,The Apothecary Diaries Web Novel Volume 15
8dc5d765-1fa6-4c40-ac86-c879fa2e1787.jfif,52300,.jfif,2024-10-02,2024-10-02,Photo or Image,8dc5d765-1fa6-4c40-ac86-c879fa2e1787.jfif
9-1_StatisticalDebuggingcont.pptx,10551709,.pptx,2025-05-12,2025-05-12,Dataset or Code,1 Statistical Debuggingcont
9-2and3_CauseAndEffect.pptx,25394404,.pptx,2025-05-19,2025-05-19,Dataset or Code,2and3 Cause And Effect
9.ans,12015,.ans,2025-11-13,2025-11-13,Other,9
9.in,139274,.in,2025-11-13,2025-11-13,Other,9
9.pptx,10072459,.pptx,2025-05-27,2025-05-27,Dataset or Code,9
978-3-031-01770-4.pdf,3551838,.pdf,2025-03-28,2025-03-28,Dataset or Code,3 031 01770 4
978-3-319-67997-6.pdf,13118959,.pdf,2025-05-27,2025-05-27,Dataset or Code,3 319 67997 6
97f2f2cb-612c-4a1e-bcba-ea4d85a7273b.jfif,230948,.jfif,2024-10-02,2024-10-02,Photo or Image,97f2f2cb-612c-4a1e-bcba-ea4d85a7273b.jfif
9935d795-813a-41e1-8135-e8f05587b7ac.jfif,427636,.jfif,2025-03-25,2025-03-25,Photo or Image,9935d795-813a-41e1-8135-e8f05587b7ac.jfif
ad.jpg,76388,.jpg,2024-12-03,2024-12-03,Photo or Image,ad
Ad.pdf,77585,.pdf,2024-12-03,2024-12-03,Dataset or Code,Ad
AdjustedClosingPrices.csv,18432594,.csv,2025-12-06,2025-12-06,Dataset or Code,Adjusted Closing Prices
Aho-Corasick String Searching TO POST.pdf,1178058,.pdf,2025-10-07,2025-10-07,Schoolwork,Aho Corasick String Searching TO POST
Aho-Corasick String Searching TO POST.pptx,771625,.pptx,2025-10-07,2025-10-07,Schoolwork,Aho Corasick String Searching TO POST
AI Comparison.pptx,47751,.pptx,2025-08-12,2025-08-12,Dataset or Code,AI Comparison
AI_First_Generating_Project_Ideas.pdf,57844,.pdf,2026-01-05,2026-01-05,Dataset or Code,AI First Generating Project Ideas
AI_First_Generating_Project_Ideas_Example.pdf,49395,.pdf,2026-01-05,2026-01-05,Schoolwork,AI First Generating Project Ideas Example
AI_First_Guidelines.pdf,116233,.pdf,2026-01-05,2026-01-05,Dataset or Code,AI First Guidelines
AI_First_Master_Document.html,28762,.html,2026-02-19,2026-02-19,Dataset or Code,AI First Master Document
AI_First_Master_Document.pdf,143038,.pdf,2026-01-28,2026-01-28,Dataset or Code,AI First Master Document
AI_First_Prompt_Library_for_Projects.pdf,59891,.pdf,2026-01-28,2026-01-28,Dataset or Code,AI First Prompt Library for Projects
AI_First_Workflow_For_Project.pdf,116763,.pdf,2026-01-28,2026-01-28,Dataset or Code,AI First Workflow For Project
Algorithmic Problem Solving flyer.pdf,55114,.pdf,2025-09-04,2025-09-04,Schoolwork,Algorithmic Problem Solving flyer
AnkerGames - Free Pre-installed PC Games.url,113,.url,2024-11-26,2026-02-15,Other,Anker Games Free Pre installed PC Games
Answers_ECE233_Exam1_SRT.pdf,1569264,.pdf,2024-10-03,2024-10-03,Schoolwork,Answers ECE233 Exam1 SRT
application_octet-stream_favorites_type=artist_blob_https___kemono.cr_3da527c9-a1c1-4e7b-b6e3-697ca37d4873,191,.cr_3da527c9-a1c1-4e7b-b6e3-697ca37d4873,2025-08-16,2025-08-16,Other,application octet stream favorites type=artist blob https kemono
Application_Wireframe.bmpr,180224,.bmpr,2025-10-10,2025-10-10,Other,Application Wireframe
Application_Wireframe_FS.bmpr,294912,.bmpr,2025-10-14,2025-10-14,Other,Application Wireframe FS
appointment.ics,502,.ics,2026-01-30,2026-01-30,Other,appointment
Apresentação sem título.pdf,1613500,.pdf,2025-05-19,2025-05-19,Personal Documentation,Apresentação sem título
assignment-template.pdf,139699,.pdf,2026-01-07,2025-12-12,Schoolwork,assignment template
ATS Resume 2024.pptx,9150707,.pptx,2024-12-19,2024-12-19,Personal Documentation,ATS Resume 2024
Azure OpenAI Chatbot.pdf,73351,.pdf,2025-08-14,2025-08-14,Dataset or Code,Azure Open AI Chatbot
b3baf51e-e420-4c0e-8bb2-98516163e43e.6957d4b707ac0a72414ba1dc3ea7d432.png,3576,.png,2024-10-25,2024-10-25,Photo or Image,6957d4b707ac0a72414ba1dc3ea7d432
BalatroSeeds.txt,34,.txt,2025-05-28,2025-05-28,Dataset or Code,Balatro Seeds
Ball.xlsx,4724,.xlsx,2025-01-23,2025-01-23,Dataset or Code,Ball
bcd_count2_vwf.jpg,230749,.jpg,2024-10-20,2024-10-20,Photo or Image,bcd count2 vwf
bd54301d-a351-4cf4-8f2b-8dd72ab92721.jfif,291111,.jfif,2025-05-19,2025-05-19,Photo or Image,bd54301d-a351-4cf4-8f2b-8dd72ab92721.jfif
BF Examples - With Quiz Solution.docx,24609,.docx,2025-02-11,2025-02-11,Schoolwork,BF Examples With Quiz Solution
blinkyblonky71828z871.txt,930,.txt,2025-07-27,2025-07-27,Dataset or Code,blinkyblonky71828z871
BlockingFactors.pptx,71357,.pptx,2025-02-14,2025-02-14,Dataset or Code,Blocking Factors
blue Minimalist modern CV resume.pdf,273583,.pdf,2025-05-24,2025-05-24,Personal Documentation,blue Minimalist modern CV resume
Blue Prince.txt,1136,.txt,2025-10-06,2025-10-06,Schoolwork or Course Material,Blue Prince
Book.pdf,27973,.pdf,2025-05-19,2025-05-19,Schoolwork or Course Material,Book
bro.txt,99,.txt,2025-07-22,2025-07-22,Archive or Backup,bro
Building a RAG Chatbot using Azure AI Services.docx,29508,.docx,2025-08-17,2025-08-17,Dataset or Code,Building a RAG Chatbot using Azure AI Services
Building a RAG Chatbot with Azure App Service.docx,29729,.docx,2025-08-17,2025-08-17,Dataset or Code,Building a RAG Chatbot with Azure App Service
Building a RAG Chatbot with Azure App Service.pdf,37152,.pdf,2025-08-17,2025-08-17,Dataset or Code,Building a RAG Chatbot with Azure App Service
"Call with Carpenter, Harrison-20251114_165852-Meeting Recording.txt",7351,.txt,2025-11-14,2025-11-14,Archive or Backup,"Call with Carpenter, Harrison 20251114 165852 Meeting Recording"
"Call with Kothari, Ahaan-20251113_122716-Meeting Recording.txt",5345,.txt,2025-11-14,2025-11-14,Archive or Backup,"Call with Kothari, Ahaan 20251113 122716 Meeting Recording"
CamScanner 10-02-2024 20.45.pdf,1919382,.pdf,2024-10-03,2024-10-03,Dataset or Code,Cam Scanner 10 02 2024 20 45
CamScanner-10-08-2024-12.44.pdf,1382424,.pdf,2024-10-09,2024-10-09,Dataset or Code,Cam Scanner 10 08 2024 12 44
Capacitance Lab Report.pdf,478250,.pdf,2024-10-31,2024-10-31,Schoolwork,Capacitance Lab Report
cc-and-exam-solution-template.docx,96404,.docx,2025-12-12,2025-12-12,Schoolwork,cc and exam solution template
CC1 candy.docx,22198,.docx,2025-12-12,2025-12-12,Dataset or Code,CC1 candy
CC1 Example from ChatGPT.png,59104,.png,2026-01-12,2026-01-12,Photo or Image,CC1 Example from Chat GPT
CC1 Example from ChatGPT.txt,1726,.txt,2025-12-12,2025-12-12,Schoolwork,CC1 Example from Chat GPT
CC1 Restaurant-Steve.pdf,1667399,.pdf,2025-12-12,2025-12-12,Dataset or Code,CC1 Restaurant Steve
CC1.pdf,184634,.pdf,2025-12-12,2025-12-12,Dataset or Code,CC1
cc1REVKISION.pdf,194970,.pdf,2026-01-08,2026-01-08,Archive or Backup,cc1REVKISION
CC2 - Three Layers CandyDatabase-2.pdf,3011152,.pdf,2025-12-20,2025-12-20,Schoolwork,CC2 Three Layers Candy Database 2
CC2A-2026-Strategy-Steve-V1.pdf,2762984,.pdf,2026-01-09,2026-01-09,Dataset or Code,CC2A 2026 Strategy Steve V1
CC2A.pdf,214285,.pdf,2026-01-09,2026-01-09,Dataset or Code,CC2A
CC3.pdf,202660,.pdf,2026-01-16,2026-01-16,Dataset or Code,CC3
CC3_Revised_2.pdf,217244,.pdf,2026-02-12,2026-02-12,Dataset or Code,CC3 Revised 2
CC3_Revision.pdf,209675,.pdf,2026-01-29,2026-01-29,Archive or Backup,CC3 Revision
cc4-problem.pdf,2807636,.pdf,2026-01-23,2026-01-23,Dataset or Code,cc4 problem
CC4.pdf,214662,.pdf,2026-01-23,2026-01-23,Dataset or Code,CC4
CC4_Revised.pdf,203763,.pdf,2026-02-05,2026-02-05,Dataset or Code,CC4 Revised
cc5-problem-Buffalo-Steve V1.pdf,1452392,.pdf,2026-02-06,2026-02-06,Dataset or Code,cc5 problem Buffalo Steve V1
CC5.pdf,204448,.pdf,2026-02-06,2026-02-06,Dataset or Code,CC5
CC5.txt,1728,.txt,2026-02-12,2026-02-12,Dataset or Code,CC5
CC5_Revised.pdf,222769,.pdf,2026-02-12,2026-02-12,Dataset or Code,CC5 Revised
"ChatGPT Image Jul 10, 2025, 09_47_16 PM.png",1156356,.png,2025-07-10,2025-07-10,Photo or Image,"Chat GPT Image Jul 10, 2025, 09 47 16 PM"
"ChatGPT Image Jul 10, 2025, 09_48_11 PM.png",1156356,.png,2025-07-10,2025-07-10,Photo or Image,"Chat GPT Image Jul 10, 2025, 09 48 11 PM"
"ChatGPT Image Jul 10, 2025, 09_52_39 PM.png",1078075,.png,2025-07-10,2025-07-10,Photo or Image,"Chat GPT Image Jul 10, 2025, 09 52 39 PM"
"ChatGPT Image Jul 10, 2025, 09_59_59 PM.png",1479871,.png,2025-07-10,2025-07-10,Photo or Image,"Chat GPT Image Jul 10, 2025, 09 59 59 PM"
cheatsheet.pdf,137200,.pdf,2024-11-05,2024-11-05,Schoolwork or Course Material,cheatsheet
Cherry-Picking.pdf,157351,.pdf,2025-11-20,2025-11-20,Schoolwork or Course Material,Cherry Picking
ChicagoSalaries.csv,2282740,.csv,2025-12-16,2025-12-16,Dataset or Code,Chicago Salaries
Clear and concise sentences activity.pdf,197523,.pdf,2024-12-20,2024-12-20,Schoolwork or Course Material,Clear and concise sentences activity
clearcoat.csv,206,.csv,2025-12-17,2025-12-17,Dataset or Code,clearcoat
Clothes.xlsx,4751,.xlsx,2025-01-23,2025-01-23,Dataset or Code,Clothes
cmd starsector.txt,1436,.txt,2025-07-26,2025-07-19,Schoolwork or Course Material,cmd starsector
Competitive Gaming Leaderboard Verification Leetcode Problem.docx,21191,.docx,2025-11-04,2025-11-04,Dataset or Code,Competitive Gaming Leaderboard Verification Leetcode Problem
Competitive Gaming Leaderboard Verification Leetcode Problem.pdf,101408,.pdf,2025-11-15,2025-11-15,Dataset or Code,Competitive Gaming Leaderboard Verification Leetcode Problem
Competitive Gaming Leaderboard Verification.pdf,88137,.pdf,2025-11-08,2025-11-08,Dataset or Code,Competitive Gaming Leaderboard Verification
Competitive_Gaming_Leaderboard_Verification.pdf,88137,.pdf,2025-11-08,2025-11-08,Dataset or Code,Competitive Gaming Leaderboard Verification
Competitive_Gaming_Leaderboard_Verification_Leetcode_Problem.pdf,101408,.pdf,2025-11-15,2025-11-15,Dataset or Code,Competitive Gaming Leaderboard Verification Leetcode Problem
CON.pdf,475662,.pdf,2025-05-02,2025-05-02,Schoolwork or Course Material,CON
Conceptual.drawio.png,226115,.png,2025-02-21,2025-02-21,Photo or Image,Conceptual drawio
Conceptual.jpg,139205,.jpg,2025-02-15,2025-02-15,Photo or Image,Conceptual
Constraints.pptx,603847,.pptx,2025-01-10,2025-01-10,Dataset or Code,Constraints
content.pdf,1341567,.pdf,2025-05-19,2025-05-19,Dataset or Code,content
Courseup!.pdf,18428,.pdf,2024-12-17,2024-12-17,Schoolwork or Course Material,Courseup!
Courseup!.pptx,635928,.pptx,2024-12-17,2024-12-17,Schoolwork or Course Material,Courseup!
Cover Letter.pdf,28682,.pdf,2024-12-12,2024-12-12,Personal Documentation,Cover Letter
Create.pptx,176767,.pptx,2025-01-24,2025-01-24,Creative Project,Create
CreeperFarm.schem,10668,.schem,2026-02-05,2026-02-05,Other,Creeper Farm
CS332 cheatsheet Exam1 Part1.docx,17481,.docx,2025-05-09,2025-05-09,Schoolwork,CS332 cheatsheet Exam1 Part1
CSSE 232  Exam 1 Fall 2019-20.pdf,804040,.pdf,2025-02-17,2025-02-17,Schoolwork,CSSE 232 Exam 1 Fall 2019 20
CSSE 280 Exam 1 Scrivner Winter 2021-22.pdf,354799,.pdf,2024-10-07,2024-10-07,Schoolwork,CSSE 280 Exam 1 Scrivner Winter 2021 22
CSSE 280 Exam 3 Scrivner Winter 2021-22.pdf,398487,.pdf,2024-11-20,2024-11-20,Schoolwork,CSSE 280 Exam 3 Scrivner Winter 2021 22
CSSE 335.html,6538,.html,2025-10-24,2025-10-24,Dataset or Code,CSSE 335
CSSE MA 473 Exam 1 Dec 17 2018.pdf,227027,.pdf,2026-02-21,2026-02-21,Schoolwork,CSSE MA 473 Exam 1 Dec 17 2018
CSSE MA 473 Exam 1 Dec 21 2017.pdf,384606,.pdf,2026-02-21,2026-02-21,Schoolwork,CSSE MA 473 Exam 1 Dec 21 2017
CSSE MA 473 Exam 1 Oct 2 2015.pdf,273148,.pdf,2026-02-21,2026-02-21,Schoolwork,CSSE MA 473 Exam 1 Oct 2 2015
CSSE MA 473 Exam 2 Jan 21 2019.pdf,234619,.pdf,2026-02-21,2026-02-21,Schoolwork,CSSE MA 473 Exam 2 Jan 21 2019
CSSE MA 473 Exam 2 Jan 22 2018.pdf,409694,.pdf,2026-02-21,2026-02-21,Schoolwork,CSSE MA 473 Exam 2 Jan 22 2018
CSSE MA 473 Exam 2 Nov 9 2015.pdf,301151,.pdf,2026-02-21,2026-02-21,Schoolwork,CSSE MA 473 Exam 2 Nov 9 2015
CSSE MA 473 Exam 3 Feb 11 2019.pdf,195974,.pdf,2026-02-12,2026-02-12,Schoolwork,CSSE MA 473 Exam 3 Feb 11 2019
CSSE MA 473 Exam 3 Feb 12 2018.pdf,512289,.pdf,2026-02-12,2026-02-12,Schoolwork,CSSE MA 473 Exam 3 Feb 12 2018
CSSE-Research-Symposium-Program-Final-2025.pdf,4636533,.pdf,2025-05-14,2025-05-14,Schoolwork,CSSE Research Symposium Program Final 2025
CSSE232 Practical 2 Worksheet.pdf,365842,.pdf,2024-12-19,2024-12-19,Schoolwork,CSSE232 Practical 2 Worksheet
csse232-sher_week7-2.pdf,816157,.pdf,2025-01-28,2025-01-28,Dataset or Code,csse232 sher week7 2
csse232-sher_week8-1.pdf,643160,.pdf,2025-02-07,2025-02-07,Dataset or Code,csse232 sher week8 1
CSSE232_DBProject_SampleDataSource - Sheet1.csv,2795,.csv,2025-01-11,2025-01-11,Dataset or Code,CSSE232 DB Project Sample Data Source Sheet1
CSSE232_DBProject_SampleDataSource - Sheet1.tsv,3020,.tsv,2025-01-11,2025-01-11,Dataset or Code,CSSE232 DB Project Sample Data Source Sheet1
CSSE232_HW10.pdf,43800,.pdf,2025-01-15,2025-01-15,Schoolwork or Course Material,CSSE232 HW10
CSSE232_HW11.pdf,977475,.pdf,2025-01-22,2025-01-22,Dataset or Code,CSSE232 HW11
CSSE232_HW12.pdf,429789,.pdf,2025-01-24,2025-01-24,Schoolwork or Course Material,CSSE232 HW12
CSSE232_HW14.pdf,100853,.pdf,2025-01-24,2025-01-24,Schoolwork or Course Material,CSSE232 HW14
CSSE232_HW15.pdf,889651,.pdf,2025-02-07,2025-02-07,Schoolwork or Course Material,CSSE232 HW15
CSSE232_HW16.pdf,3775207,.pdf,2025-02-17,2025-02-17,Dataset or Code,CSSE232 HW16
CSSE232_HW6.pdf,45311,.pdf,2024-12-19,2024-12-19,Schoolwork or Course Material,CSSE232 HW6
CSSE232_HW7.pdf,55073,.pdf,2024-12-19,2024-12-19,Dataset or Code,CSSE232 HW7
CSSE232_Practical3_Worksheet.pdf,75722,.pdf,2025-01-10,2025-01-10,Schoolwork,CSSE232 Practical3 Worksheet
csse232_sher_week1-1.pdf,209963,.pdf,2024-12-19,2024-12-19,Dataset or Code,csse232 sher week1 1
csse232_sher_week2-1.pdf,570566,.pdf,2024-12-19,2024-12-19,Dataset or Code,csse232 sher week2 1
csse232_sher_week2-1_worksheet_sol.pdf,45532,.pdf,2024-12-19,2024-12-19,Schoolwork,csse232 sher week2 1 worksheet sol
csse232_sher_week3-1.pdf,296831,.pdf,2024-12-19,2024-12-19,Dataset or Code,csse232 sher week3 1
csse232_sher_week3-2.pdf,106044,.pdf,2025-01-09,2025-01-09,Dataset or Code,csse232 sher week3 2
csse232_sher_week4-1.pdf,668455,.pdf,2025-01-10,2025-01-10,Dataset or Code,csse232 sher week4 1
csse232_sher_week5-1.pdf,265554,.pdf,2025-01-17,2025-01-17,Dataset or Code,csse232 sher week5 1
csse232_sher_week6-1.pdf,212384,.pdf,2025-01-17,2025-01-17,Dataset or Code,csse232 sher week6 1
csse232_sher_week7-1.pdf,628826,.pdf,2025-01-28,2025-01-28,Dataset or Code,csse232 sher week7 1
CSSE280_RestAPI_Outline.pdf,64540,.pdf,2024-11-01,2024-11-01,Schoolwork or Course Material,CSSE280 Rest API Outline
CSSE332_Theory - Google Docs.pdf,30325,.pdf,2025-05-20,2025-05-20,Schoolwork or Course Material,CSSE332 Theory Google Docs
CSSE333 Status Report Template.docx,19174,.docx,2025-01-11,2025-01-11,Dataset or Code,CSSE333 Status Report Template
CSSE333 Status Report.pdf,130596,.pdf,2025-01-17,2025-01-17,Dataset or Code,CSSE333 Status Report
CSSE333 Week 5 Status Report.docx,471955,.docx,2025-01-17,2025-01-17,Dataset or Code,CSSE333 Week 5 Status Report
CSSE333 Week 5 Status Report.pdf,220474,.pdf,2025-01-17,2025-01-17,Dataset or Code,CSSE333 Week 5 Status Report
CSSE333 Week6 Status Report.pdf,181892,.pdf,2025-01-23,2025-01-23,Dataset or Code,CSSE333 Week6 Status Report
CSSE335 Linsolve Report.pdf,1365079,.pdf,2025-11-11,2025-11-11,Dataset or Code,CSSE335 Linsolve Report
CSSE335_Cheatsheet_Quiz2.pdf,185461,.pdf,2025-10-24,2025-10-24,Schoolwork,CSSE335 Cheatsheet Quiz2
CSSE335_HW1.pdf,285239,.pdf,2025-09-11,2025-09-11,Schoolwork or Course Material,CSSE335 HW1
CSSE335_HW2.pdf,150726,.pdf,2025-09-24,2025-09-24,Schoolwork or Course Material,CSSE335 HW2
CSSE335_HW5.pdf,61973,.pdf,2025-11-05,2025-11-05,Schoolwork or Course Material,CSSE335 HW5
CSSE371 - HW5.pdf,1049657,.pdf,2025-11-15,2025-11-15,Schoolwork or Course Material,CSSE371 HW5
CSSE371 HW1 Answers.pdf,24642,.pdf,2025-09-12,2025-09-12,Schoolwork or Course Material,CSSE371 HW1 Answers
CSSE371 HW2 Questions.pdf,54417,.pdf,2025-09-27,2025-09-27,Schoolwork or Course Material,CSSE371 HW2 Questions
CSSE371 HW2 Reflection Questions.pdf,28985,.pdf,2025-09-20,2025-09-20,Schoolwork or Course Material,CSSE371 HW2 Reflection Questions
CSSE371 HW2.pdf,35054,.pdf,2025-09-20,2025-09-20,Schoolwork or Course Material,CSSE371 HW2
CSSE371_Exam1_CheatSheet.docx,29214,.docx,2025-10-06,2025-10-06,Schoolwork,CSSE371 Exam1 Cheat Sheet
CSSE371_Humans.pdf,54636,.pdf,2025-11-21,2025-11-21,Dataset or Code,CSSE371 Humans
CSSE371_hw1.pdf,156928,.pdf,2025-09-05,2025-09-05,Schoolwork or Course Material,CSSE371 hw1
CSSE371_hw2.pdf,227883,.pdf,2025-09-16,2025-09-16,Schoolwork or Course Material,CSSE371 hw2
CSSE371_HW2_Transcript.pdf,57277,.pdf,2025-09-20,2025-09-20,Personal Documentation,CSSE371 HW2 Transcript
CSSE371_hw3.pdf,654911,.pdf,2025-10-02,2025-10-02,Schoolwork or Course Material,CSSE371 hw3
CSSE371_hw3_template.docx,113393,.docx,2025-10-11,2025-10-03,Schoolwork or Course Material,CSSE371 hw3 template
CSSE371_hw3_template.pdf,294599,.pdf,2025-10-11,2025-10-03,Schoolwork or Course Material,CSSE371 hw3 template
CSSE371_hw4.pdf,372263,.pdf,2025-10-25,2025-10-17,Schoolwork or Course Material,CSSE371 hw4
CSSE371_hw4_filled.docx,24357,.docx,2025-10-17,2025-10-17,Schoolwork or Course Material,CSSE371 hw4 filled
CSSE371_hw4_template.docx,24356,.docx,2025-10-17,2025-10-17,Schoolwork or Course Material,CSSE371 hw4 template
CSSE371_hw5.pdf,192818,.pdf,2025-11-07,2025-11-07,Schoolwork or Course Material,CSSE371 hw5
CSSE371_HW5_Initial.docx,1686921,.docx,2025-11-14,2025-11-01,Schoolwork or Course Material,CSSE371 HW5 Initial
CSSE371_milestone_1.pdf,182996,.pdf,2025-09-16,2025-09-16,Dataset or Code,CSSE371 milestone 1
CSSE371_Milestone_2.pdf,230984,.pdf,2025-10-08,2025-10-08,Schoolwork or Course Material,CSSE371 Milestone 2
CSSE371_milestone_3.pdf,158935,.pdf,2025-11-03,2025-11-03,Dataset or Code,CSSE371 milestone 3
CSSE371_Reflection_Questions.pdf,53992,.pdf,2025-09-19,2025-09-19,Schoolwork or Course Material,CSSE371 Reflection Questions
CSSE371_stouder_readings.pdf,2873769,.pdf,2025-10-06,2025-10-06,Schoolwork or Course Material,CSSE371 stouder readings
CSSE374 - HW2.pdf,419023,.pdf,2026-01-12,2026-01-12,Schoolwork or Course Material,CSSE374 HW2
CSSE374 Homework 1 - Mark Kenny & Sanil Maheshwari.pdf,388882,.pdf,2025-12-15,2025-12-15,Schoolwork,CSSE374 Homework 1 Mark Kenny & Sanil Maheshwari
CSSE374 Homework Template.docx,18243,.docx,2025-12-04,2025-12-04,Schoolwork,CSSE374 Homework Template
CSSE374_CC2.pdf,215920,.pdf,2025-12-22,2025-12-22,Dataset or Code,CSSE374 CC2
CSSE374_ExtraCredit.pdf,14515566,.pdf,2026-02-13,2026-02-13,Schoolwork or Course Material,CSSE374 Extra Credit
CSSE374_Final_Design.docx,148958,.docx,2026-02-21,2026-02-21,Schoolwork,CSSE374 Final Design
CSSE473_HW2.pdf,226669,.pdf,2025-12-18,2025-12-18,Schoolwork or Course Material,CSSE473 HW2
CSSE490_Final_Project.pdf,54217,.pdf,2025-04-28,2025-04-28,Schoolwork,CSSE490 Final Project
CSSE_november_newsletter.pdf,20441177,.pdf,2025-12-11,2025-12-11,Schoolwork or Course Material,CSSE november newsletter
Customer Coordinator Prototype V1.bmpr,585728,.bmpr,2025-10-22,2025-10-22,Other,Customer Coordinator Prototype V1
Customer Coordinator Prototype V1.pdf,301647,.pdf,2025-10-15,2025-10-15,Dataset or Code,Customer Coordinator Prototype V1
cute cats.jfif,140231,.jfif,2024-09-05,2024-09-05,Photo or Image,cute cats
CV.pdf,35551,.pdf,2024-12-19,2024-12-19,Personal Documentation,CV
d.pdf,4018836,.pdf,2024-09-12,2024-09-12,Dataset or Code,d
Data Mining Report_graded.pdf,119787,.pdf,2026-02-22,2026-02-22,Dataset or Code,Data Mining Report graded
Data.csv,1547,.csv,2025-10-16,2025-10-16,Dataset or Code,Data
DataMining_DraftReport_graded.pdf,3414318,.pdf,2026-02-22,2026-02-22,Dataset or Code,Data Mining Draft Report graded
dataTypes.rtf,2099,.rtf,2025-01-10,2025-01-10,Dataset or Code,data Types
date_format.sql,309,.sql,2025-01-24,2025-01-24,Dataset or Code,date format
date_format_execute.sql,42,.sql,2025-01-24,2025-01-24,Dataset or Code,date format execute
David J. Agans - Debugging - The 9 Indispensable Rules for Finding Even the Most Elusive Hardware and Software Problem-Amacom (2002).pdf,2597142,.pdf,2025-03-11,2025-03-11,Dataset or Code,David J Agans Debugging The 9 Indispensable Rules for Finding Even the Most Elusive Hardware and Software Problem Amacom (2002)
Day11ProofsStartFA2425.pdf,124732,.pdf,2024-09-23,2024-09-23,Schoolwork or Course Material,Day11Proofs Start FA2425
Day22EquivRelationsFA2425.pdf,111547,.pdf,2024-10-15,2024-10-15,Dataset or Code,Day22Equiv Relations FA2425
Day2ConnectivesLogicalFormFA2425.pdf,116528,.pdf,2024-09-06,2024-09-06,Dataset or Code,Day2Connectives Logical Form FA2425
Day5VariablesSetsFA2425.pdf,125034,.pdf,2024-09-12,2024-09-12,Dataset or Code,Day5Variables Sets FA2425
Day5VariablesSetsFA2425_MORESTUFF_HERE.pdf,118133,.pdf,2024-09-12,2024-09-12,Dataset or Code,Day5Variables Sets FA2425 MORESTUFF HERE
Day6QuantifiersFA2425.pdf,203414,.pdf,2024-09-13,2024-09-13,Dataset or Code,Day6Quantifiers FA2425
Db.App.appinstaller,5699,.appinstaller,2026-01-15,2026-01-15,Software Installer,Db App
deleteOrderDetails.sql,1243,.sql,2025-01-17,2025-01-16,Dataset or Code,delete Order Details
delta_debugger.py,1873,.py,2025-04-29,2025-04-29,Dataset or Code,delta debugger
Desktop - Shortcut.lnk,711,.lnk,2025-03-01,2025-03-01,Other,Desktop Shortcut
desktop.ini,282,.ini,2025-01-31,2024-07-16,Other,desktop
dissertation.pdf,1076807,.pdf,2026-01-16,2026-01-16,Research Paper or Academic Article,dissertation
DM_2025-26_day1.pdf,194960,.pdf,2025-12-08,2025-12-08,Dataset or Code,DM 2025 26 day1
DM_2025-26_day2.pdf,245353,.pdf,2025-12-08,2025-12-08,Dataset or Code,DM 2025 26 day2
DM_2025-26_day3.pdf,170691,.pdf,2025-12-08,2025-12-08,Dataset or Code,DM 2025 26 day3
DM_2025-26_day4.pdf,133976,.pdf,2025-12-08,2025-12-08,Dataset or Code,DM 2025 26 day4
doc_2383232_I9_Employment_Eligibility_Verification_4f7ccf27-00b7-41a2-9a76-502db77ff1ef_821114516.pdf,425771,.pdf,2024-09-23,2024-09-23,Dataset or Code,doc 2383232 I9 Employment Eligibility Verification 4f7ccf27 00b7 41a2 9a76 502db77ff1ef 821114516
doc_2383232_NonDisclosure_Agreement_5da3b101-eb7e-437e-ae76-3af7c3c23870_81610613.pdf,199488,.pdf,2024-09-23,2024-09-23,Personal Documentation,doc 2383232 Non Disclosure Agreement 5da3b101 eb7e 437e ae76 3af7c3c23870 81610613
download.jpeg,401392,.jpeg,2025-12-14,2025-12-14,Photo or Image,download
DS Brat Fry 24.pdf,186291,.pdf,2024-09-27,2024-09-27,Dataset or Code,DS Brat Fry 24
DT2.html,529104,.html,2026-02-03,2026-02-03,Schoolwork or Course Material,DT2
Dynamics Time Entry-Expense  Procedures - Interns.pdf,892035,.pdf,2024-10-11,2024-10-11,Financial,Dynamics Time Entry Expense Procedures Interns
"ECE 332 Exam 1 Jo Jan 7, 22.pdf",634644,.pdf,2025-04-03,2025-04-03,Schoolwork,"ECE 332 Exam 1 Jo Jan 7, 22"
ECE 332 Exam 2 2-5-21.pdf,2057458,.pdf,2025-04-25,2025-04-25,Schoolwork,ECE 332 Exam 2 2 5 21
"ECE 332 Exam 2 Jo Feb 4, 22.pdf",571174,.pdf,2025-05-09,2025-05-09,Schoolwork,"ECE 332 Exam 2 Jo Feb 4, 22"
ECE Lab #2.pdf,4368873,.pdf,2024-10-08,2024-10-08,Schoolwork,ECE Lab #2
ECE Lab #6.pdf,5017005,.pdf,2024-11-06,2024-11-06,Schoolwork,ECE Lab #6
ECE233 Final Exam Packet Questions.pdf,1037661,.pdf,2024-11-19,2024-11-19,Schoolwork,ECE233 Final Exam Packet Questions
ECE233_Lab#3_Report.pdf,707695,.pdf,2024-10-09,2024-10-09,Schoolwork,ECE233 Lab#3 Report
ECE233_Lab#4_Report.pdf,2438111,.pdf,2024-10-23,2024-10-23,Schoolwork,ECE233 Lab#4 Report
ECE332 Final Presentation.pdf,1116267,.pdf,2025-05-23,2025-05-23,Schoolwork,ECE332 Final Presentation
ECE332_1stDraft.pdf,884139,.pdf,2025-04-29,2025-04-29,Dataset or Code,ECE332 1st Draft
ECE332_FinalDraft.pdf,741789,.pdf,2025-05-19,2025-05-19,Schoolwork,ECE332 Final Draft
ECE332_HW2_Data.xlsx,4950,.xlsx,2025-03-25,2025-03-25,Dataset or Code,ECE332 HW2 Data
ECE332_Memo#3.pdf,63716,.pdf,2025-03-27,2025-03-27,Schoolwork or Course Material,ECE332 Memo#3
ECE332_Memo#4.pdf,80525,.pdf,2025-04-10,2025-04-10,Schoolwork or Course Material,ECE332 Memo#4
ECE332_Memo_1.pdf,53310,.pdf,2025-03-13,2025-03-13,Schoolwork or Course Material,ECE332 Memo 1
ECE332_Memo_2.pdf,70886,.pdf,2025-03-20,2025-03-20,Schoolwork or Course Material,ECE332 Memo 2
ECE_Lab#5_Report.pdf,419691,.pdf,2024-10-30,2024-10-30,Schoolwork,ECE Lab#5 Report
Eggs Hitting the Earth.pdf,59763,.pdf,2025-11-20,2025-11-20,Dataset or Code,Eggs Hitting the Earth
EHS Chatbot Approval Report.pdf,121701,.pdf,2025-07-30,2025-07-30,Dataset or Code,EHS Chatbot Approval Report
Elephants In Zoos.pdf,93587,.pdf,2025-11-20,2025-11-20,Dataset or Code,Elephants In Zoos
Elicitation for CSSE371-02 - Avery.docx,420105,.docx,2025-09-23,2025-09-23,Dataset or Code,Elicitation for CSSE371 02 Avery
Elicitation for CSSE371-02 - Rebecca.docx,603233,.docx,2025-09-23,2025-09-23,Dataset or Code,Elicitation for CSSE371 02 Rebecca
Endless.png,792582,.png,2025-12-19,2025-12-19,Photo or Image,Endless
ENGL H290 Team Charter.docx,20477,.docx,2025-01-13,2025-01-13,Schoolwork or Course Material,ENGL H290 Team Charter
ENGLH290_Analysis.pdf,2957916,.pdf,2025-02-13,2025-02-13,Research Paper,ENGLH290 Analysis
ENGLH334_EssayDraft.pdf,80208,.pdf,2025-10-14,2025-10-14,Research Paper or Academic Article,ENGLH334 Essay Draft
ENGLH334_EssayFinal.pdf,90719,.pdf,2025-10-19,2025-10-19,Schoolwork,ENGLH334 Essay Final
ENGLH334_FinalPPT.pdf,988291,.pdf,2025-11-15,2025-11-15,Schoolwork,ENGLH334 Final PPT
ENGLH334_FinalPPT.pptx,9172956,.pptx,2025-11-15,2025-11-15,Schoolwork,ENGLH334 Final PPT
ENGLH334_HW2.pdf,44892,.pdf,2025-09-27,2025-09-27,Schoolwork or Course Material,ENGLH334 HW2
ENGLH334_Nomadland_Scene_Analysis.pdf,37444,.pdf,2025-10-26,2025-10-26,Research Paper,ENGLH334 Nomadland Scene Analysis
ENGLH334_Nomadland_Scene_Analysis.rtf,135327,.rtf,2025-10-26,2025-10-26,Research Paper,ENGLH334 Nomadland Scene Analysis
ENGLH334_PhotoEssay_Final.pdf,9933227,.pdf,2025-11-15,2025-11-15,Schoolwork,ENGLH334 Photo Essay Final
Equivalence example.png,15002,.png,2024-10-15,2024-10-15,Photo or Image,Equivalence example
ERDiagram - MJK.pdf,102735,.pdf,2025-10-25,2025-10-25,Dataset or Code,ER Diagram MJK
ERDiagram - Parth Revised.pdf,96740,.pdf,2025-10-25,2025-10-25,Schoolwork or Course Material,ER Diagram Parth Revised
ERDiagram.vsdx,57358,.vsdx,2025-10-17,2025-10-17,Other,ER Diagram
ERDiagrams.pptx,165547,.pptx,2024-12-09,2024-12-09,Schoolwork or Course Material,ER Diagrams
error.txt,1881,.txt,2025-10-03,2025-10-03,Dataset or Code,error
ERScenarioHandout.docx,19295,.docx,2024-12-20,2024-12-20,Schoolwork or Course Material,ER Scenario Handout
ER_RelationalModel.pptx,929312,.pptx,2024-12-10,2024-12-10,Dataset or Code,ER Relational Model
ER_Relations.pptx,713865,.pptx,2024-12-11,2024-12-11,Dataset or Code,ER Relations
ER_Relations_PreClass.pptx,118269,.pptx,2024-12-09,2024-12-09,Schoolwork or Course Material,ER Relations Pre Class
Escape Room.pdf,164212,.pdf,2025-11-20,2025-11-20,Schoolwork or Course Material,Escape Room
eula.txt,161,.txt,2025-12-03,2025-12-03,Schoolwork or Course Material,eula
Exam 1 1.2 Revision.pdf,24835,.pdf,2024-10-13,2024-10-13,Schoolwork,Exam 1 1 2 Revision
Exam 1 1.2 Revision.txt,490,.txt,2024-10-13,2024-10-13,Schoolwork,Exam 1 1 2 Revision
"Exam 1 D. Chang April 6, 2021.pdf",539041,.pdf,2025-04-04,2025-04-04,Schoolwork,"Exam 1 D Chang April 6, 2021"
Exam 1 Petrik.pdf,192051,.pdf,2025-03-28,2025-03-28,Schoolwork,Exam 1 Petrik
Exam 1 Spring22-23 Rickert.pdf,240874,.pdf,2024-12-17,2024-12-17,Schoolwork,Exam 1 Spring22 23 Rickert
Exam 2 - 1.3 - Revision.pdf,241159,.pdf,2024-11-02,2024-11-02,Schoolwork,Exam 2 1 3 Revision
Exam 2 - Coding.docx,141279,.docx,2025-01-24,2025-01-24,Schoolwork,Exam 2 Coding
"Exam 2 D. Chang May 6, 2021.pdf",527154,.pdf,2025-04-25,2025-04-25,Schoolwork,"Exam 2 D Chang May 6, 2021"
"Exam 2 May 5, 2017 97.pdf",310838,.pdf,2025-05-09,2025-05-09,Schoolwork,"Exam 2 May 5, 2017 97"
"Exam 2 May 5, 2020.pdf",486829,.pdf,2025-01-23,2025-01-23,Schoolwork,"Exam 2 May 5, 2020"
"Exam 2 May 6, 2016 86.pdf",252471,.pdf,2025-05-09,2025-05-09,Schoolwork,"Exam 2 May 6, 2016 86"
"Exam 2 May 8, 2015 95.pdf",337710,.pdf,2025-05-09,2025-05-09,Schoolwork,"Exam 2 May 8, 2015 95"
"Exam 2 May 9, 2014 85.pdf",291445,.pdf,2025-05-09,2025-05-09,Schoolwork,"Exam 2 May 9, 2014 85"
"Exam 2 Mohan Written Portion Jan 17, 2024.pdf",21439999,.pdf,2025-02-13,2025-02-13,Schoolwork,"Exam 2 Mohan Written Portion Jan 17, 2024"
"Exam 3 May 21, 2020.pdf",493125,.pdf,2025-02-13,2025-02-13,Schoolwork,"Exam 3 May 21, 2020"
exam-bayesian-fundamentals.pdf,61077,.pdf,2026-01-15,2026-01-15,Schoolwork,exam bayesian fundamentals
exam-statistical-process.pdf,39619,.pdf,2025-12-05,2025-12-05,Schoolwork,exam statistical process
Exam2Review.pptx,69529,.pptx,2025-01-24,2025-01-24,Schoolwork,Exam2Review
exam3.pdf,59523,.pdf,2025-02-26,2025-02-26,Schoolwork,exam3
Exam3Review.pptx,69781,.pptx,2025-02-14,2025-02-14,Schoolwork,Exam3Review
example_vad.wav,9588860,.wav,2025-03-06,2025-03-06,Media or Entertainment,example vad
exam_review.pdf,128706,.pdf,2025-10-06,2025-10-06,Schoolwork,exam review
export.json,304044,.json,2025-06-25,2025-06-25,Dataset or Code,export
ExportedEstimate.xlsx,53972,.xlsx,2025-07-28,2025-07-28,Archive or Backup,Exported Estimate
ext2access.txt,26808,.txt,2025-05-17,2025-05-17,Dataset or Code,ext2access
E_LogisticRegression_RedWine.html,380606,.html,2026-01-31,2026-01-31,Schoolwork,E Logistic Regression Red Wine
E_PandasDataTypes.ipynb,32516,.ipynb,2025-12-16,2025-12-16,Dataset or Code,E Pandas Data Types
E_TF-IDF_Lesson.html,288271,.html,2026-02-11,2026-02-11,Schoolwork or Course Material,E TF IDF Lesson
E_TFIDF_movie_reviews.html,684854,.html,2026-02-11,2026-02-11,Research Paper,E TFIDF movie reviews
f8843.pdf,107328,.pdf,2025-04-11,2025-04-11,Dataset or Code,f8843
fa4_timing_sim.png,51928,.png,2024-09-17,2024-09-15,Photo or Image,fa4 timing sim
"Fall 2024 employment offer letter - Kenny, Mark.pdf",140590,.pdf,2024-09-20,2024-09-20,Dataset or Code,"Fall 2024 employment offer letter Kenny, Mark"
fa_func_sim.png,39856,.png,2024-09-16,2024-09-15,Photo or Image,fa func sim
Feedback Report Week 6.pdf,164221,.pdf,2024-10-26,2024-10-26,Schoolwork or Course Material,Feedback Report Week 6
Feedback report.pdf,166216,.pdf,2024-11-16,2024-11-16,Dataset or Code,Feedback report
FeedbackReport_MJK.pdf,998894,.pdf,2024-10-19,2024-10-19,Dataset or Code,Feedback Report MJK
Final Project Topic.pdf,111666,.pdf,2025-03-28,2025-03-28,Schoolwork,Final Project Topic
Final Report Instructions.docx,19252,.docx,2025-02-21,2025-02-21,Schoolwork,Final Report Instructions
Final Report.docx,689440,.docx,2025-02-22,2025-02-22,Schoolwork,Final Report
Final Report.pdf,614669,.pdf,2025-02-22,2025-02-22,Schoolwork,Final Report
FinalReportRubric.docx,19769,.docx,2025-02-21,2025-02-21,Schoolwork,Final Report Rubric
finalScript,1957,,2025-05-20,2025-05-20,Other,final Script
Final_Report.pdf,432005,.pdf,2025-01-10,2025-01-10,Schoolwork,Final Report
Fluff - Volume Four.pdf,1544972,.pdf,2025-06-03,2025-06-03,Dataset or Code,Fluff Volume Four
For Mark.pdf,179607,.pdf,2025-05-16,2025-05-16,Schoolwork or Course Material,For Mark
forge-1.12.2-14.23.5.2860-installer.jar.log,5888,.log,2025-11-30,2025-11-30,Other,forge 1 12 2 14 23 5 2860 installer jar
forge-1.19.2-43.5.1-installer.jar.log,1074662,.log,2025-11-17,2025-11-17,Other,forge 1 19 2 43 5 1 installer jar
forge-1.20.2-48.1.0-installer.jar.log,602,.log,2025-12-03,2025-12-03,Other,forge 1 20 2 48 1 0 installer jar
Functions.pptx,106067,.pptx,2025-01-13,2025-01-13,Dataset or Code,Functions
Furniture and Room Measurements.pdf,403384,.pdf,2025-07-29,2025-07-29,Dataset or Code,Furniture and Room Measurements
Gerrymandering.pdf,147373,.pdf,2025-11-20,2025-11-20,Dataset or Code,Gerrymandering
GHero.sof,3541727,.sof,2024-09-10,2024-09-10,Other,G Hero
GIT.pdf,3698745,.pdf,2025-04-08,2025-04-08,Dataset or Code,GIT
gn10_mpi_hello_solutions.pdf,229256,.pdf,2025-10-24,2025-10-24,Dataset or Code,gn10 mpi hello solutions
gn12_reduce_solutions.pdf,246717,.pdf,2025-10-24,2025-10-24,Dataset or Code,gn12 reduce solutions
gn13_moreMPI_solutions.pdf,264137,.pdf,2025-10-24,2025-10-24,Dataset or Code,gn13 more MPI solutions
gn14_mpi_timing_solutions.pdf,192894,.pdf,2025-10-24,2025-10-24,Dataset or Code,gn14 mpi timing solutions
gn15_sendrecv_solutions.pdf,201207,.pdf,2025-10-24,2025-10-24,Personal Documentation,gn15 sendrecv solutions
gn16_sortdemo1_solutions.pdf,231121,.pdf,2025-10-24,2025-10-24,Dataset or Code,gn16 sortdemo1 solutions
gn17_sortdemo2_solutions.pdf,198140,.pdf,2025-10-24,2025-10-24,Dataset or Code,gn17 sortdemo2 solutions
GPU DOC.pdf,36868,.pdf,2025-02-21,2025-02-21,Schoolwork or Course Material,GPU DOC
GPU.pptx,1075282,.pptx,2025-02-18,2025-02-18,Dataset or Code,GPU
Grabbing Quotes.pdf,161274,.pdf,2025-11-20,2025-11-20,Dataset or Code,Grabbing Quotes
grades_script2.py,396,.py,2026-01-05,2026-01-05,Dataset or Code,grades script2
GradientBoosting.html,374465,.html,2026-02-03,2026-02-03,Dataset or Code,Gradient Boosting
Group 5 Peer Review Memo.docx,7838,.docx,2025-02-04,2025-02-04,Research Paper,Group 5 Peer Review Memo
Group 5.pdf,1058805,.pdf,2025-02-03,2025-02-03,Schoolwork or Course Material,Group 5
Group_6.pdf,2001370,.pdf,2025-02-03,2025-02-03,Schoolwork or Course Material,Group 6
Guide_to_RAG_on_Azure.pdf,4035,.pdf,2025-08-17,2025-08-17,Schoolwork or Course Material,Guide to RAG on Azure
H1-sol.html,682937,.html,2025-12-06,2025-12-06,Archive or Backup,H1 sol
H1.pdf,90169,.pdf,2025-12-08,2025-12-08,Dataset or Code,H1
H10-preprocessing.html,276080,.html,2026-02-18,2026-02-18,Dataset or Code,H10 preprocessing
H10-preprocessing.ipynb,7821,.ipynb,2026-02-18,2026-02-18,Dataset or Code,H10 preprocessing
H10-sol.html,1126460,.html,2026-02-11,2026-02-11,Dataset or Code,H10 sol
H10.pdf,53413,.pdf,2026-02-18,2026-02-18,Dataset or Code,H10
H2-sol.html,380064,.html,2025-12-08,2025-12-08,Archive or Backup,H2 sol
H2.pdf,111255,.pdf,2025-12-08,2025-12-08,Archive or Backup,H2
H3-sol.html,458811,.html,2025-12-16,2025-12-16,Dataset or Code,H3 sol
H3.pdf,139873,.pdf,2025-12-16,2025-12-16,Dataset or Code,H3
H4-sol.html,539116,.html,2026-01-07,2026-01-07,Dataset or Code,H4 sol
H4.pdf,143835,.pdf,2026-01-07,2026-01-07,Dataset or Code,H4
H5-sol.html,673293,.html,2026-01-13,2026-01-13,Dataset or Code,H5 sol
H5.pdf,183903,.pdf,2026-01-13,2026-01-13,Dataset or Code,H5
H6-sol_problem2.html,308056,.html,2026-01-20,2026-01-20,Schoolwork or Course Material,H6 sol problem2
H6.pdf,284713,.pdf,2026-01-16,2026-01-16,Dataset or Code,H6
H7-sol.html,395327,.html,2026-01-20,2026-01-20,Dataset or Code,H7 sol
H7.pdf,54906,.pdf,2026-01-24,2026-01-24,Dataset or Code,H7
H8-sol.html,400463,.html,2026-01-31,2026-01-31,Dataset or Code,H8 sol
H8.pdf,61294,.pdf,2026-01-16,2026-01-16,Dataset or Code,H8
H9-sol.html,312884,.html,2026-02-03,2026-02-03,Dataset or Code,H9 sol
H9.pdf,67734,.pdf,2026-02-11,2026-02-11,Dataset or Code,H9
Homework 1 (SP25).pdf,384090,.pdf,2025-03-18,2025-03-18,Schoolwork,Homework 1 (SP25)
Homework 1.pdf,305868,.pdf,2024-09-11,2024-09-11,Schoolwork,Homework 1
Homework 10.pdf,647423,.pdf,2024-11-15,2024-11-15,Schoolwork,Homework 10
Homework 3.pdf,389099,.pdf,2024-09-26,2024-09-26,Schoolwork,Homework 3
Homework 4 (SP25).pdf,519402,.pdf,2025-04-25,2025-04-25,Schoolwork,Homework 4 (SP25)
Homework 4F24.pdf,448048,.pdf,2024-10-03,2024-10-03,Schoolwork,Homework 4F24
Homework 5F24.pdf,359247,.pdf,2024-10-09,2024-10-09,Schoolwork,Homework 5F24
Homework_7__Spring24_.pdf,777327,.pdf,2024-10-24,2024-10-24,Schoolwork,Homework 7 Spring24
HOTEL AURA SAN FRANCISCO AIRPORT - Reservations - Confirmation.pdf,306749,.pdf,2025-12-31,2025-12-31,Dataset or Code,HOTEL AURA SAN FRANCISCO AIRPORT Reservations Confirmation
Hotel_Application_Wireframe_CC.pdf,133761,.pdf,2025-10-10,2025-10-10,Dataset or Code,Hotel Application Wireframe CC
Hotel_Application_Wireframe_HM.pdf,133909,.pdf,2025-10-10,2025-10-10,Dataset or Code,Hotel Application Wireframe HM
HSE Knowledge Chatbot Requirements Document.pdf,275357,.pdf,2025-07-30,2025-07-30,Schoolwork or Course Material,HSE Knowledge Chatbot Requirements Document
httpserver.py,6444,.py,2024-09-26,2024-09-26,Dataset or Code,httpserver
Human Resources link.docx,21845,.docx,2024-10-11,2024-10-11,Archive or Backup,Human Resources link
hw.pdf,34502,.pdf,2025-03-09,2025-03-09,Schoolwork or Course Material,hw
HW02-statistical-process.pdf,32147,.pdf,2025-12-08,2025-12-08,Dataset or Code,HW02 statistical process
HW03-likelihoods.pdf,31488,.pdf,2025-12-12,2025-12-12,Schoolwork,HW03 likelihoods
HW04-posterior.pdf,37470,.pdf,2025-12-16,2025-12-16,Schoolwork,HW04 posterior
HW05-estimation.pdf,36441,.pdf,2025-12-18,2025-12-18,Schoolwork,HW05 estimation
HW06-prediction.pdf,40299,.pdf,2026-01-07,2026-01-07,Schoolwork,HW06 prediction
HW07-hypothesis-testing.pdf,34818,.pdf,2026-01-09,2026-01-09,Schoolwork,HW07 hypothesis testing
HW08-constructing-priors.pdf,26197,.pdf,2026-01-13,2026-01-13,Schoolwork,HW08 constructing priors
HW1-problemV7-Steve.docx,74219,.docx,2025-12-04,2025-12-04,Schoolwork or Course Material,HW1 problem V7 Steve
HW10.pdf,58531,.pdf,2025-04-29,2025-04-29,Schoolwork or Course Material,HW10
HW11.pdf,53371,.pdf,2025-05-02,2025-05-02,Schoolwork or Course Material,HW11
HW12.pdf,59018,.pdf,2025-05-06,2025-05-06,Schoolwork or Course Material,HW12
HW13.pdf,58706,.pdf,2025-05-09,2025-05-09,Schoolwork or Course Material,HW13
HW14.pdf,51832,.pdf,2025-05-13,2025-05-13,Schoolwork or Course Material,HW14
HW2.2_-_Starter_Relational_Algebra.pdf,196638,.pdf,2024-12-13,2024-12-13,Schoolwork or Course Material,HW2 2 Starter Relational Algebra
HW2.3_-_Challenging_Relational_Algebra.pdf,129211,.pdf,2024-12-16,2024-12-16,Schoolwork or Course Material,HW2 3 Challenging Relational Algebra
HW2.pdf,225054,.pdf,2025-12-18,2025-12-18,Schoolwork or Course Material,HW2
HW3.1.pdf,117605,.pdf,2024-12-18,2024-12-18,Schoolwork or Course Material,HW3 1
HW3.2.pdf,106637,.pdf,2024-12-21,2024-12-20,Schoolwork or Course Material,HW3 2
HW3.pdf,281593,.pdf,2025-10-16,2025-10-16,Schoolwork or Course Material,HW3
HW4.1_-_Views.pdf,172398,.pdf,2025-01-08,2025-01-08,Schoolwork or Course Material,HW4 1 Views
HW4.2_-_Create_Table.pdf,159983,.pdf,2025-01-10,2025-01-10,Schoolwork or Course Material,HW4 2 Create Table
HW5.1.pdf,180753,.pdf,2025-01-22,2025-01-22,Schoolwork or Course Material,HW5 1
HW5.2.pdf,269256,.pdf,2025-01-28,2025-01-28,Schoolwork or Course Material,HW5 2
HW5.3_-_Normalization_Part_3.pdf,370940,.pdf,2025-01-30,2025-01-30,Schoolwork or Course Material,HW5 3 Normalization Part 3
HW5_ Photo Bucket Homework.pdf,1141591,.pdf,2024-10-27,2024-10-27,Schoolwork,HW5 Photo Bucket Homework
HW6.1-Written.pdf,120362,.pdf,2025-02-11,2025-02-11,Schoolwork or Course Material,HW6 1 Written
HW6.pdf,55421,.pdf,2025-04-07,2025-04-07,Schoolwork or Course Material,HW6
HW9.pdf,50050,.pdf,2025-01-13,2025-01-13,Schoolwork or Course Material,HW9
I-94 Official Website - Get Most Recent I-94 Response.pdf,292533,.pdf,2025-04-15,2025-04-15,Dataset or Code,I 94 Official Website Get Most Recent I 94 Response
Icon Detection.pdf,318432,.pdf,2025-11-20,2025-11-20,Dataset or Code,Icon Detection
IJCET_16_02_018.pdf,4378127,.pdf,2025-05-19,2025-05-19,Schoolwork or Course Material,IJCET 16 02 018
IMDB_test_small.csv,1298909,.csv,2026-02-11,2026-02-11,Dataset or Code,IMDB test small
ImmGen.v,2428,.v,2025-01-16,2025-01-16,Dataset or Code,Imm Gen
immgendo.png,140007,.png,2025-01-16,2025-01-16,Photo or Image,immgendo
In Class Activity - Key.docx,232980,.docx,2024-12-11,2024-12-11,Schoolwork or Course Material,In Class Activity Key
In Class Activity.doc,69632,.doc,2025-01-23,2025-01-23,Schoolwork or Course Material,In Class Activity
in-class-3-step-process - Steve.docx,1141152,.docx,2025-12-05,2025-12-05,Schoolwork or Course Material,in class 3 step process Steve
Indexes.pptx,443503,.pptx,2025-02-14,2025-02-14,Dataset or Code,Indexes
IndexesWithTrees.pptx,70843,.pptx,2025-02-14,2025-02-14,Schoolwork,Indexes With Trees
Individual Team Worksheet.pdf,44067,.pdf,2025-01-09,2025-01-09,Schoolwork,Individual Team Worksheet
InformedConsent.IRBtemplate.docx,32972,.docx,2025-11-01,2025-11-01,Research Paper or Academic Article,Informed Consent IR Btemplate
Initial Problem Statement.pdf,503420,.pdf,2025-01-11,2025-01-11,Financial,Initial Problem Statement
inline-execute.sql,48,.sql,2025-01-24,2025-01-24,Dataset or Code,inline execute
inline-function.sql,189,.sql,2025-01-24,2025-01-24,Dataset or Code,inline function
InLineTableValuedFuncton.sql,264,.sql,2025-01-24,2025-01-24,Dataset or Code,In Line Table Valued Functon
insertOrderDetails.sql,1891,.sql,2025-01-17,2025-01-17,Dataset or Code,insert Order Details
InsertService.java,1867,.java,2025-02-15,2025-02-15,Dataset or Code,Insert Service
Installing SQL Server Management Studio.docx,14936,.docx,2024-12-02,2024-12-02,Dataset or Code,Installing SQL Server Management Studio
Integrate Standard Application Form 2025.docx,174013,.docx,2025-02-26,2025-02-26,Dataset or Code,Integrate Standard Application Form 2025
Intern Data.csv,5034,.csv,2025-09-19,2025-09-19,Dataset or Code,Intern Data
Internship_Offboarding_Template.pdf,1515551,.pdf,2025-08-12,2025-08-12,Schoolwork or Course Material,Internship Offboarding Template
IntroductionAndArchitecture.pptx,517309,.pptx,2024-12-02,2024-12-02,Schoolwork,Introduction And Architecture
involve.2013.6.35.pdf,601843,.pdf,2025-04-22,2025-04-22,Dataset or Code,involve 2013 6 35
IRB Consent Form.docx,15111,.docx,2025-11-15,2025-11-13,Research Paper or Academic Article,IRB Consent Form
IRB Consent Form_signed_Participant_1.pdf,173975,.pdf,2025-11-15,2025-11-15,Research Paper or Academic Article,IRB Consent Form signed Participant 1
Itinerary.pdf,172138,.pdf,2024-10-24,2024-10-24,Schoolwork or Course Material,Itinerary
Jab We Met.pdf,41168,.pdf,2025-12-11,2025-12-11,Schoolwork or Course Material,Jab We Met
JamesN_ProfessionalMemo.pdf,64870,.pdf,2024-12-17,2024-12-17,Archive or Backup,James N Professional Memo
"Jonathan Wolff - An Introduction to Political Philosophy-Oxford University Press, USA (2006).pdf",1248355,.pdf,2025-03-10,2025-03-10,Schoolwork or Course Material,"Jonathan Wolff An Introduction to Political Philosophy Oxford University Press, USA (2006)"
"Jonathan Wolff - Why Read Marx Today_-Oxford University Press, USA (2003).pdf",1031406,.pdf,2025-03-10,2025-03-10,Research Paper or Academic Article,"Jonathan Wolff Why Read Marx Today Oxford University Press, USA (2003)"
K-Means.html,538595,.html,2026-02-17,2026-02-17,Schoolwork or Course Material,K Means
kalloc.c,1958,.c,2025-05-19,2025-05-19,Dataset or Code,kalloc
KC for ECM Ch.pdf,29804,.pdf,2024-12-05,2024-12-05,Schoolwork or Course Material,KC for ECM Ch
KC Wolfe 2.pdf,78218,.pdf,2024-12-06,2024-12-06,Schoolwork or Course Material,KC Wolfe 2
KC Wolfe 7.pdf,25325,.pdf,2024-12-06,2024-12-06,Schoolwork or Course Material,KC Wolfe 7
"Kenny, Mark Joseph - Resume .docx",23304,.docx,2025-05-31,2024-12-17,Personal Documentation,"Kenny, Mark Joseph Resume"
"Kenny, Mark Joseph - Resume IN.docx",23724,.docx,2025-06-03,2025-06-02,Personal Documentation,"Kenny, Mark Joseph Resume IN"
"Kenny, Mark Joseph - Resume.docx",20260,.docx,2025-04-23,2024-10-02,Personal Documentation,"Kenny, Mark Joseph Resume"
"Kenny, Mark Joseph - Resume.pdf",173420,.pdf,2025-06-06,2025-06-06,Personal Documentation,"Kenny, Mark Joseph Resume"
"Kenny, Mark Joseph -- Cover Letter.pdf",35869,.pdf,2025-06-06,2025-06-06,Personal Documentation,"Kenny, Mark Joseph Cover Letter"
"Kenny, Mark Joseph -- Resume (Updated).docx",21503,.docx,2025-09-14,2025-09-14,Personal Documentation,"Kenny, Mark Joseph Resume (Updated)"
"Kenny, Mark Joseph -- Resume.docx",23819,.docx,2025-12-14,2025-06-03,Personal Documentation,"Kenny, Mark Joseph Resume"
"Kenny, Mark Joseph --- Resume.pdf",185857,.pdf,2025-06-11,2025-06-11,Personal Documentation,"Kenny, Mark Joseph Resume"
"Kenny, Mark Joseph.pdf",182860,.pdf,2025-10-01,2025-10-01,Dataset or Code,"Kenny, Mark Joseph"
kennym1.ics,28040,.ics,2024-09-05,2024-09-05,Other,kennym1
Kenny__Mark_Joseph_Resume .pdf,61328,.pdf,2024-09-04,2024-09-04,Personal Documentation,Kenny Mark Joseph Resume
koch_snowflake.py,4440,.py,2025-04-12,2025-04-12,Dataset or Code,koch snowflake
Kwon_columbia_0054D_17226.pdf,3725814,.pdf,2025-05-19,2025-05-19,Dataset or Code,Kwon columbia 0054D 17226
L1.pdf,106335,.pdf,2025-12-08,2025-12-02,Dataset or Code,L1
L10.pdf,278114,.pdf,2026-01-16,2026-01-05,Dataset or Code,L10
L12.pdf,65444,.pdf,2026-01-16,2026-01-08,Schoolwork or Course Material,L12
L13.pdf,351423,.pdf,2026-01-16,2026-01-08,Dataset or Code,L13
L14.pdf,91345,.pdf,2026-01-15,2026-01-15,Dataset or Code,L14
L15.pdf,302510,.pdf,2026-01-15,2026-01-15,Dataset or Code,L15
L16.pdf,87655,.pdf,2026-01-23,2026-01-23,Dataset or Code,L16
L17.pdf,137033,.pdf,2026-01-30,2026-01-23,Dataset or Code,L17
L18.pdf,91352,.pdf,2026-01-29,2026-01-29,Dataset or Code,L18
L19.pdf,73960,.pdf,2026-01-27,2026-01-27,Dataset or Code,L19
L2.pdf,93793,.pdf,2025-12-08,2025-12-08,Archive or Backup,L2
L20.pdf,106180,.pdf,2026-02-19,2026-02-19,Dataset or Code,L20
L21.pdf,52990,.pdf,2026-02-19,2026-02-19,Dataset or Code,L21
L22.html,298211,.html,2026-02-13,2026-02-13,Dataset or Code,L22
L22.pdf,65579,.pdf,2026-02-11,2026-02-11,Dataset or Code,L22
L23.pdf,275267,.pdf,2026-02-17,2026-02-17,Dataset or Code,L23
L24.pdf,47051,.pdf,2026-02-19,2026-02-19,Dataset or Code,L24
L25.pdf,42878,.pdf,2026-02-19,2026-02-19,Dataset or Code,L25
L26.pdf,42273,.pdf,2026-02-19,2026-02-19,Dataset or Code,L26
L27.pdf,56194,.pdf,2026-02-17,2026-02-17,Dataset or Code,L27
L28.pdf,127352,.pdf,2026-02-19,2026-02-19,Dataset or Code,L28
L29.pdf,65004,.pdf,2026-02-12,2026-02-12,Archive or Backup,L29
L3.pdf,106704,.pdf,2025-12-12,2025-12-08,Dataset or Code,L3
L4.pdf,221716,.pdf,2025-12-12,2025-12-08,Dataset or Code,L4
L5.pdf,86522,.pdf,2025-12-08,2025-12-08,Dataset or Code,L5
L6.pdf,81218,.pdf,2025-12-11,2025-12-11,Dataset or Code,L6
L7.pdf,116780,.pdf,2025-12-16,2025-12-16,Dataset or Code,L7
L8.pdf,99764,.pdf,2026-01-15,2026-01-08,Dataset or Code,L8
L9.pdf,512168,.pdf,2026-01-16,2026-01-15,Dataset or Code,L9
Lab 2 Final.pdf,1219866,.pdf,2024-09-26,2024-09-26,Schoolwork,Lab 2 Final
Lab 3 - Introduction to Verilog.pptx,1081877,.pptx,2024-10-08,2024-10-08,Schoolwork,Lab 3 Introduction to Verilog
Lab 3 - Simulation and Testbenches.pptx,1535743,.pptx,2024-10-08,2024-10-08,Schoolwork,Lab 3 Simulation and Testbenches
Lab 7 - Sequential Circuits in Verilog.pptx,101126,.pptx,2024-11-12,2024-11-12,Schoolwork,Lab 7 Sequential Circuits in Verilog
Lab 7 - Simulating Sequential Circuits.pptx,387893,.pptx,2024-11-12,2024-11-12,Schoolwork,Lab 7 Simulating Sequential Circuits
Lab#7Report.pdf,2009575,.pdf,2024-11-13,2024-11-13,Schoolwork,Lab#7Report
LastBoot.vbs,452,.vbs,2025-11-17,2025-11-17,Other,Last Boot
LeaderboardVerif.java,5908,.java,2025-11-15,2025-11-15,Dataset or Code,Leaderboard Verif
Learning experience report template.pdf,72253,.pdf,2024-11-18,2024-11-18,Schoolwork or Course Material,Learning experience report template
Lightning Talk Rubric.docx,15615,.docx,2025-02-13,2025-02-13,Schoolwork or Course Material,Lightning Talk Rubric
Logistical Regression.html,554587,.html,2026-02-03,2026-02-03,Schoolwork,Logistical Regression
Lost in the Woods.pdf,192012,.pdf,2025-11-20,2025-11-20,Schoolwork or Course Material,Lost in the Woods
MA 374 Billingsley Exam 1 Fall 2024.pdf,2486676,.pdf,2025-03-28,2025-03-28,Schoolwork,MA 374 Billingsley Exam 1 Fall 2024
MA 374 Billingsley Exam 2 Fall 2024.pdf,3254632,.pdf,2025-04-25,2025-04-25,Schoolwork,MA 374 Billingsley Exam 2 Fall 2024
MA 374 Exam 1 Petrik.pdf,350220,.pdf,2025-03-28,2025-03-28,Schoolwork,MA 374 Exam 1 Petrik
MA 374 Exam 2 Petrik.pdf,321266,.pdf,2025-04-25,2025-04-25,Schoolwork,MA 374 Exam 2 Petrik
"MA 374 Exam 2 Tuesday April 27, 2021.pdf",1037314,.pdf,2025-05-15,2025-05-15,Schoolwork,"MA 374 Exam 2 Tuesday April 27, 2021"
MA 374 Exam 3 Petrik.pdf,332727,.pdf,2025-05-28,2025-05-28,Schoolwork,MA 374 Exam 3 Petrik
MA 381 01 Exam 3 Prof. McSweeney Feb 10 2017.pdf,188816,.pdf,2025-02-13,2025-02-13,Schoolwork,MA 381 01 Exam 3 Prof Mc Sweeney Feb 10 2017
MA 381 03 Exam 3 Dr John McSweeny February 13 2014.pdf,146419,.pdf,2025-02-13,2025-02-13,Schoolwork,MA 381 03 Exam 3 Dr John Mc Sweeny February 13 2014
MA 381 Exam 3 Version 2 Winter 2015 Dr Evans 02.pdf,401947,.pdf,2025-02-13,2025-02-13,Schoolwork,MA 381 Exam 3 Version 2 Winter 2015 Dr Evans 02
MA 381 Exam 3 Version 2 Winter 2015 Dr Evans.pdf,251662,.pdf,2025-02-13,2025-02-13,Schoolwork,MA 381 Exam 3 Version 2 Winter 2015 Dr Evans
"MA 381 McSweeney Test #3 Make up Feb 14, 2023.pdf",4279824,.pdf,2025-02-13,2025-02-13,Schoolwork or Course Material,"MA 381 Mc Sweeney Test #3 Make up Feb 14, 2023"
MA 381 Test 1 Langley 45-50.pdf,171263,.pdf,2024-12-17,2024-12-17,Schoolwork or Course Material,MA 381 Test 1 Langley 45 50
MA 381 Test 2.pdf,137129,.pdf,2025-01-23,2025-01-23,Schoolwork or Course Material,MA 381 Test 2
MA 381 Test 3 Langley 45.5-50.pdf,174622,.pdf,2025-02-13,2025-02-13,Schoolwork or Course Material,MA 381 Test 3 Langley 45 5 50
"MA 381-02 Test 1 Tuesday, Dec 22, 2020.pdf",451527,.pdf,2024-12-17,2024-12-17,Schoolwork or Course Material,"MA 381 02 Test 1 Tuesday, Dec 22, 2020"
"MA 381-02 Test 3 Tuesday, Feb 16, 21.pdf",381488,.pdf,2025-02-13,2025-02-13,Schoolwork or Course Material,"MA 381 02 Test 3 Tuesday, Feb 16, 21"
MA276 Questions.pdf,222087,.pdf,2024-11-17,2024-11-17,Schoolwork or Course Material,MA276 Questions
MA276 Solutions.pdf,448775,.pdf,2024-11-17,2024-11-17,Dataset or Code,MA276 Solutions
MA276Quiz4DefinitionsAndTheoremsListW2324.pdf,101893,.pdf,2024-10-24,2024-10-24,Schoolwork,MA276Quiz4Definitions And Theorems List W2324
MA276Section1.1ReadingGuide.pdf,80921,.pdf,2024-09-06,2024-09-06,Schoolwork or Course Material,MA276Section1 1Reading Guide
MA276Worksheet14StrInductionCardinalityIntroFA2425texFileForStudents.tex,4023,.tex,2024-11-08,2024-11-08,Schoolwork,MA276Worksheet14Str Induction Cardinality Intro FA2425tex File For Students
MA276Worksheet1W2324.pdf,51215,.pdf,2024-09-09,2024-09-09,Schoolwork,MA276Worksheet1W2324
MA276Worksheet6FA2425texProblemsForStudents.tex,6314,.tex,2024-09-30,2024-09-30,Schoolwork,MA276Worksheet6FA2425tex Problems For Students
MA276Worksheet9FA2425texFileForStudents.tex,4417,.tex,2024-10-26,2024-10-26,Schoolwork,MA276Worksheet9FA2425tex File For Students
MA276_FeedbackReport_#7.pdf,190394,.pdf,2024-11-02,2024-11-02,Dataset or Code,MA276 Feedback Report #7
MA374_HW1.mw,100708,.mw,2025-03-14,2025-03-14,Other,MA374 HW1
MA374_HW1.pdf,124198,.pdf,2025-03-14,2025-03-14,Schoolwork or Course Material,MA374 HW1
MA374_HW2.pdf,155823,.pdf,2025-03-20,2025-03-20,Schoolwork or Course Material,MA374 HW2
MA374_HW3.pdf,170676,.pdf,2025-03-21,2025-03-21,Schoolwork or Course Material,MA374 HW3
MA374_HW4.pdf,99847,.pdf,2025-03-27,2025-03-27,Schoolwork or Course Material,MA374 HW4
MA374_HW5.pdf,263837,.pdf,2025-03-31,2025-03-31,Schoolwork or Course Material,MA374 HW5
MA374_HW7.pdf,58048,.pdf,2025-04-08,2025-04-08,Schoolwork or Course Material,MA374 HW7
MA374_HW8.pdf,56431,.pdf,2025-04-11,2025-04-11,Schoolwork or Course Material,MA374 HW8
MA381Notes1Sol.pdf,188505,.pdf,2024-12-17,2024-12-17,Schoolwork,MA381Notes1Sol
MA381Notes2Sol.pdf,207689,.pdf,2024-12-17,2024-12-17,Schoolwork,MA381Notes2Sol
MA381Notes3Sol.pdf,180579,.pdf,2024-12-17,2024-12-17,Schoolwork,MA381Notes3Sol
MA381Notes4Sol.pdf,208428,.pdf,2024-12-17,2024-12-17,Schoolwork,MA381Notes4Sol
MA381Notes5Sol.pdf,180741,.pdf,2024-12-17,2024-12-17,Schoolwork,MA381Notes5Sol
MA381Notes6Sol.pdf,189465,.pdf,2024-12-17,2024-12-17,Schoolwork,MA381Notes6Sol
MA381Notes7Sol.pdf,222344,.pdf,2024-12-17,2024-12-17,Schoolwork,MA381Notes7Sol
MA381Notes8Sol.pdf,189243,.pdf,2024-12-17,2024-12-17,Schoolwork,MA381Notes8Sol
MA381Notes9Sol.pdf,175234,.pdf,2024-12-17,2024-12-17,Schoolwork,MA381Notes9Sol
MA381_03_Spring_2020_test_1-solution.pdf,258431,.pdf,2024-12-15,2024-12-15,Dataset or Code,MA381 03 Spring 2020 test 1 solution
MA381_03_Spring_2020_test_1.pdf,57560,.pdf,2024-12-15,2024-12-15,Schoolwork or Course Material,MA381 03 Spring 2020 test 1
MA381_FinalProject.pdf,139255,.pdf,2025-02-26,2025-02-26,Schoolwork,MA381 Final Project
MA381_S23_test_2.pdf,73001,.pdf,2025-01-29,2025-01-29,Schoolwork or Course Material,MA381 S23 test 2
MA381_S23_test_2_normal table-solution.pdf,332721,.pdf,2025-01-29,2025-01-29,Dataset or Code,MA381 S23 test 2 normal table solution
MA381_test_3__Fall__2020_w_tables-solved.pdf,712480,.pdf,2025-02-17,2025-02-17,Dataset or Code,MA381 test 3 Fall 2020 w tables solved
MA381_test_3__Fall__2020_w_tables.pdf,526126,.pdf,2025-02-17,2025-02-17,Schoolwork or Course Material,MA381 test 3 Fall 2020 w tables
MA384 Notes.txt,920,.txt,2026-02-17,2026-02-17,Schoolwork,MA384 Notes
MA384-01.csv,2510,.csv,2025-12-02,2025-12-02,Dataset or Code,MA384 01
MA384-02.csv,2438,.csv,2025-12-02,2025-12-02,Dataset or Code,MA384 02
MA384_H1.pdf,28603,.pdf,2025-12-06,2025-12-06,Dataset or Code,MA384 H1
MA384_HW1.html,371076,.html,2025-12-06,2025-12-06,Schoolwork or Course Material,MA384 HW1
MA384_HW10.html,615219,.html,2026-02-18,2026-02-18,Schoolwork or Course Material,MA384 HW10
MA384_HW2.html,374041,.html,2025-12-08,2025-12-08,Schoolwork or Course Material,MA384 HW2
MA384_HW3.html,366009,.html,2025-12-16,2025-12-16,Schoolwork or Course Material,MA384 HW3
MA384_HW4.html,498454,.html,2026-01-07,2026-01-07,Schoolwork or Course Material,MA384 HW4
MA384_HW5.html,783445,.html,2026-01-13,2026-01-13,Schoolwork or Course Material,MA384 HW5
MA384_HW7.html,452658,.html,2026-01-24,2026-01-24,Schoolwork or Course Material,MA384 HW7
MA384_HW8.html,431543,.html,2026-01-31,2026-01-31,Schoolwork or Course Material,MA384 HW8
MA384_HW9.html,326355,.html,2026-02-11,2026-02-11,Schoolwork or Course Material,MA384 HW9
MA384_L7.html,294229,.html,2025-12-19,2025-12-19,Dataset or Code,MA384 L7
MA473Notes10Graphs.pdf,126474,.pdf,2026-02-24,2026-02-24,Schoolwork,MA473Notes10Graphs
MA473Notes11GreedyMST.pdf,184368,.pdf,2026-02-24,2026-02-24,Schoolwork,MA473Notes11Greedy MST
MA473Notes12HuffmanCodes.pdf,153258,.pdf,2026-02-24,2026-02-24,Schoolwork,MA473Notes12Huffman Codes
MA473Notes13Dijkstra.pdf,153899,.pdf,2026-02-24,2026-02-24,Schoolwork,MA473Notes13Dijkstra
MA473Notes14DP.pdf,209066,.pdf,2026-02-24,2026-02-24,Schoolwork,MA473Notes14DP
MA473Notes15FloydsAlg.pdf,129677,.pdf,2026-02-24,2026-02-24,Schoolwork,MA473Notes15Floyds Alg
MA473Notes16StableEmployment.pdf,138347,.pdf,2026-02-24,2026-02-24,Schoolwork,MA473Notes16Stable Employment
MA473Notes17Complexity.pdf,228606,.pdf,2026-02-24,2026-02-24,Schoolwork,MA473Notes17Complexity
MA473Notes1AlgorithmIntro.pdf,80849,.pdf,2026-02-24,2026-02-24,Schoolwork,MA473Notes1Algorithm Intro
MA473Notes2BigOnotes.pdf,178545,.pdf,2026-02-24,2026-02-24,Schoolwork,MA473Notes2Big Onotes
MA473Notes3MasterTheorem.pdf,132899,.pdf,2026-02-24,2026-02-24,Schoolwork,MA473Notes3Master Theorem
MA473Notes4Arithmetic.pdf,185012,.pdf,2026-02-24,2026-02-24,Schoolwork,MA473Notes4Arithmetic
MA473Notes5LinearAlgebra.pdf,234211,.pdf,2026-02-24,2026-02-24,Schoolwork,MA473Notes5Linear Algebra
MA473Notes6CombBF.pdf,140365,.pdf,2026-02-24,2026-02-24,Schoolwork,MA473Notes6Comb BF
MA473Notes7SelectionProblem.pdf,147052,.pdf,2026-02-24,2026-02-24,Schoolwork,MA473Notes7Selection Problem
MA473Notes8Sorting.pdf,161840,.pdf,2026-02-24,2026-02-24,Schoolwork,MA473Notes8Sorting
MA473Notes9Searching.pdf,136738,.pdf,2026-02-24,2026-02-24,Schoolwork,MA473Notes9Searching
MA473Wi2122Test1.pdf,141269,.pdf,2025-12-16,2025-12-16,Dataset or Code,MA473Wi2122Test1
MA473Wi2122Test2.pdf,172004,.pdf,2026-01-22,2026-01-22,Dataset or Code,MA473Wi2122Test2
MA473Wi2526Asst1.pdf,159704,.pdf,2026-02-24,2026-02-24,Dataset or Code,MA473Wi2526Asst1
MA473Wi2526Asst2.pdf,192877,.pdf,2026-02-24,2026-02-24,Dataset or Code,MA473Wi2526Asst2
MA473Wi2526Asst3.pdf,213425,.pdf,2026-02-24,2026-02-24,Dataset or Code,MA473Wi2526Asst3
MA473Wi2526Asst4.pdf,225669,.pdf,2026-02-24,2026-02-24,Dataset or Code,MA473Wi2526Asst4
MA473Wi2526Asst5.pdf,194780,.pdf,2026-02-24,2026-02-24,Dataset or Code,MA473Wi2526Asst5
MA473Wi2526Asst6.pdf,1276976,.pdf,2026-02-24,2026-02-24,Dataset or Code,MA473Wi2526Asst6
MA473Wi2526Asst7.pdf,214571,.pdf,2026-02-24,2026-02-24,Dataset or Code,MA473Wi2526Asst7
MA473Wi2526Asst8.pdf,187562,.pdf,2026-02-24,2026-02-24,Dataset or Code,MA473Wi2526Asst8
MA473Wi2526Asst9.pdf,223293,.pdf,2026-02-24,2026-02-24,Dataset or Code,MA473Wi2526Asst9
MA473Wi2526Test1REVIEW.pdf,84800,.pdf,2025-12-16,2025-12-16,Research Paper,MA473Wi2526Test1REVIEW
MA473_HW1.pdf,630073,.pdf,2025-12-11,2025-12-11,Schoolwork or Course Material,MA473 HW1
MA473_HW3.pdf,119987,.pdf,2026-01-08,2026-01-08,Schoolwork or Course Material,MA473 HW3
MA473_HW4.pdf,299211,.pdf,2026-01-15,2026-01-15,Schoolwork or Course Material,MA473 HW4
MA473_HW5.pdf,168550,.pdf,2026-01-22,2026-01-22,Schoolwork or Course Material,MA473 HW5
MA473_HW6.pdf,1225810,.pdf,2026-01-29,2026-01-29,Schoolwork or Course Material,MA473 HW6
MA473_HW7.pdf,218119,.pdf,2026-02-05,2026-02-05,Schoolwork or Course Material,MA473 HW7
MA473_HW8.pdf,249921,.pdf,2026-02-13,2026-02-13,Schoolwork or Course Material,MA473 HW8
MA473_HW9.pdf,221765,.pdf,2026-02-22,2026-02-22,Schoolwork or Course Material,MA473 HW9
ma483-text.pdf,5405555,.pdf,2025-12-18,2025-12-18,Schoolwork or Course Material,ma483 text
MA483_CourseProject.pdf,37943,.pdf,2025-12-18,2025-12-18,Schoolwork or Course Material,MA483 Course Project
MA483_HW2.pdf,61496,.pdf,2025-12-10,2025-12-10,Schoolwork or Course Material,MA483 HW2
MA483_HW3.pdf,48831,.pdf,2025-12-13,2025-12-13,Schoolwork or Course Material,MA483 HW3
MA483_HW5.pdf,38156,.pdf,2025-12-22,2025-12-22,Schoolwork or Course Material,MA483 HW5
MA483_HW7.pdf,40442,.pdf,2026-01-10,2026-01-10,Schoolwork or Course Material,MA483 HW7
MA483_ModuleExam1.pdf,55146,.pdf,2025-12-12,2025-12-12,Schoolwork,MA483 Module Exam1
MA483_ModuleExam2.pdf,65702,.pdf,2026-01-16,2026-01-16,Schoolwork,MA483 Module Exam2
main.cpp,2294,.cpp,2025-11-15,2025-11-15,Dataset or Code,main
main.html,487070,.html,2026-02-03,2026-02-03,Dataset or Code,main
Main.java,3159,.java,2025-09-12,2025-09-12,Dataset or Code,Main
Mark Joseph Kenny - Quiz 3 - 2.4 Revision.pdf,259821,.pdf,2024-10-24,2024-10-24,Schoolwork,Mark Joseph Kenny Quiz 3 2 4 Revision
Mark Joseph Kenny.pdf,305672,.pdf,2025-08-14,2025-08-14,Dataset or Code,Mark Joseph Kenny
Math 381 Test 3.pdf,150779,.pdf,2025-02-13,2025-02-13,Schoolwork or Course Material,Math 381 Test 3
Math4575---HW-chapter7-8.pdf,110414,.pdf,2025-04-29,2025-04-29,Schoolwork,Math4575 HW chapter7 8
Math4575---HW4a.pdf,82876,.pdf,2025-04-08,2025-04-08,Schoolwork or Course Material,Math4575 HW4a
Matmul Project.pdf,1135832,.pdf,2025-10-03,2025-10-03,Dataset or Code,Matmul Project
MC HC Speedrun.txt,38,.txt,2026-02-18,2026-02-18,Schoolwork or Course Material,MC HC Speedrun
Memo.pdf,25316,.pdf,2024-12-12,2024-12-12,Schoolwork or Course Material,Memo
memory_JALR.txt,158,.txt,2025-01-30,2025-01-30,Dataset or Code,memory JALR
merged.pdf,1535955,.pdf,2025-03-25,2025-03-25,Archive or Backup,merged
message.txt,5218,.txt,2025-11-15,2025-11-15,Dataset or Code,message
meta1.yankai,183114,.yankai,2025-10-23,2025-10-23,Other,meta1
MGFs and normal dist.pdf,315453,.pdf,2025-02-17,2025-02-17,Dataset or Code,MG Fs and normal dist
milestone1_solve.c,2168,.c,2025-11-04,2025-11-04,Dataset or Code,milestone1 solve
Milestone2_In_House_Staff_Hotel_Manager.bmpr,573440,.bmpr,2025-10-22,2025-10-14,Other,Milestone2 In House Staff Hotel Manager
Milestone2_In_House_Staff_Hotel_Manager_Part_1.bmpr,1740800,.bmpr,2025-10-22,2025-10-14,Other,Milestone2 In House Staff Hotel Manager Part 1
Milestone2_In_House_Staff_Part1 - Copy.bmpr,548864,.bmpr,2025-10-14,2025-10-14,Other,Milestone2 In House Staff Part1 Copy
Milestone2_In_House_Staff_Part1.bmpr,311296,.bmpr,2025-10-14,2025-10-14,Other,Milestone2 In House Staff Part1
Milestone2_In_House_Staff_Part2.bmpr,1044480,.bmpr,2025-10-22,2025-10-20,Other,Milestone2 In House Staff Part2
Milestone2_LogIn_LandingPages.bmpr,159744,.bmpr,2025-10-10,2025-10-10,Other,Milestone2 Log In Landing Pages
MJK Internship Report.pdf,162453,.pdf,2025-08-13,2025-08-13,Dataset or Code,MJK Internship Report
MJK Offboarding [Autosaved].pptx,96095630,.pptx,2025-08-13,2025-08-13,Archive or Backup,MJK Offboarding [Autosaved]
MJK Offboarding.pdf,1257802,.pdf,2025-08-12,2025-08-12,Dataset or Code,MJK Offboarding
MJK Offboarding.pptx,48929160,.pptx,2025-08-12,2025-08-12,Dataset or Code,MJK Offboarding
MJK_ECE233_Lab1_Report.pdf,171768,.pdf,2024-09-17,2024-09-17,Schoolwork,MJK ECE233 Lab1 Report
Modded_Notes.txt,382,.txt,2025-11-28,2025-11-28,Schoolwork,Modded Notes
modelsim.ini,15138,.ini,2025-01-16,2025-01-16,Other,modelsim
Mosquito_project.pdf,66646,.pdf,2025-02-26,2025-02-26,Dataset or Code,Mosquito project
movie_genre.csv,2374,.csv,2026-02-11,2026-02-11,Dataset or Code,movie genre
mulit-statement-table-function.sql,433,.sql,2025-01-24,2025-01-24,Dataset or Code,mulit statement table function
multi-statement-execute.sql,46,.sql,2025-01-24,2025-01-24,Dataset or Code,multi statement execute
My Tata Projects Journey.pptx,8868868,.pptx,2025-08-12,2025-08-12,Dataset or Code,My Tata Projects Journey
my_basic_g.txt,503236,.txt,2025-05-17,2025-05-17,Schoolwork or Course Material,my basic g
my_basic_o.txt,527429,.txt,2025-05-17,2025-05-17,Schoolwork or Course Material,my basic o
NirCmd.chm,46449,.chm,2024-04-23,2025-11-18,Other,Nir Cmd
normalization practice - Solution.docx,51171,.docx,2025-01-23,2025-01-23,Schoolwork or Course Material,normalization practice Solution
normalization practice.docx,15383,.docx,2025-01-23,2025-01-23,Schoolwork or Course Material,normalization practice
Normalization practice.pdf,55701,.pdf,2025-02-12,2025-02-12,Schoolwork or Course Material,Normalization practice
Normalization.pptx,186278,.pptx,2025-01-17,2025-01-17,Dataset or Code,Normalization
notes.pdf,107563,.pdf,2025-04-07,2025-04-07,Schoolwork,notes
noun-flexibility-7712345.png,32414,.png,2025-08-12,2025-08-12,Photo or Image,noun flexibility 7712345
noun-functional-6913326.png,19535,.png,2025-08-12,2025-08-12,Photo or Image,noun functional 6913326
noun-integration-1123014.png,32603,.png,2025-08-12,2025-08-12,Photo or Image,noun integration 1123014
noun-integration-7782233.png,33983,.png,2025-08-12,2025-08-12,Photo or Image,noun integration 7782233
noun-security-7882903.png,19170,.png,2025-08-12,2025-08-12,Photo or Image,noun security 7882903
noun-sticker-146183.png,21086,.png,2025-08-12,2025-08-12,Photo or Image,noun sticker 146183
noun-user-experience-7481614.png,25020,.png,2025-08-12,2025-08-12,Photo or Image,noun user experience 7481614
ODBC.pptx,184062,.pptx,2025-01-15,2025-01-15,Dataset or Code,ODBC
og.pdf,422959,.pdf,2025-05-06,2025-05-06,Archive or Backup,og
Old Exam 2A.pdf,700490,.pdf,2025-05-08,2025-05-07,Schoolwork,Old Exam 2A
Old Exam 2B.pdf,274186,.pdf,2025-05-07,2025-05-07,Schoolwork,Old Exam 2B
Olist_Data_Analysis_Report_Updated.pptx.pdf,801423,.pdf,2026-02-23,2026-02-23,Research Paper,Olist Data Analysis Report Updated pptx
olist_seller_analysis.ipynb,32427,.ipynb,2026-02-17,2026-02-17,Dataset or Code,olist seller analysis
One Drive - Data backup.ics,803,.ics,2025-07-24,2025-07-24,Other,One Drive Data backup
organized.pdf,2106346,.pdf,2024-09-26,2024-09-26,Archive or Backup,organized
Other.xlsx,4765,.xlsx,2025-01-23,2025-01-23,Dataset or Code,Other
output.pdf,2127972,.pdf,2025-10-24,2025-10-24,Dataset or Code,output
Overview of Linter Features and Functionality.mp4,48963695,.mp4,2026-02-21,2026-02-21,Media or Entertainment,Overview of Linter Features and Functionality
Packing Guide 2025.pdf,194721,.pdf,2025-07-29,2025-07-29,Dataset or Code,Packing Guide 2025
Parallelizing Boids Project.pdf,413934,.pdf,2025-11-14,2025-11-14,Dataset or Code,Parallelizing Boids Project
Parallelizing Boids Project.pptx,2014623,.pptx,2025-11-14,2025-11-14,Dataset or Code,Parallelizing Boids Project
Parth HW4.pdf,320833,.pdf,2025-10-25,2025-10-25,Schoolwork or Course Material,Parth HW4
Parth Sundaram_6283297_0.pdf,632456,.pdf,2024-11-14,2024-11-14,Dataset or Code,Parth Sundaram 6283297 0
paspot.jpeg,90636,.jpeg,2025-09-02,2025-09-02,Photo or Image,paspot
Passport.jpg,253139,.jpg,2025-04-15,2025-04-15,Photo or Image,Passport
Payment Industry.pdf,930516,.pdf,2024-07-17,2024-07-17,Financial,Payment Industry
performance_sol.pdf,133485,.pdf,2025-02-21,2025-02-21,Schoolwork or Course Material,performance sol
"Peter Pacheco, Matthew Malensek - An Introduction to Parallel Programming (2020, Morgan Kaufmann) - libgen.li.pdf",4554571,.pdf,2025-09-11,2025-09-11,Schoolwork or Course Material,"Peter Pacheco, Matthew Malensek An Introduction to Parallel Programming (2020, Morgan Kaufmann) libgen li"
Petey the Penguin.pdf,86277,.pdf,2025-11-20,2025-11-20,Schoolwork or Course Material,Petey the Penguin
Ph 112 Finals Fall 2015-16.pdf,510391,.pdf,2024-10-22,2024-10-22,Schoolwork,Ph 112 Finals Fall 2015 16
PH112_4.1_Prelab.pdf,61018,.pdf,2024-09-25,2024-09-25,Schoolwork,PH112 4 1 Prelab
PH112_Lab#2_Report.pdf,284350,.pdf,2024-10-19,2024-10-19,Schoolwork,PH112 Lab#2 Report
PH112_Lab#3_Prelab.pdf,112702,.pdf,2024-10-23,2024-10-23,Schoolwork,PH112 Lab#3 Prelab
PH112_PreLab.pdf,88729,.pdf,2024-10-09,2024-10-09,Schoolwork,PH112 Pre Lab
PlantUML_Language_Reference_Guide_en.pdf,10048681,.pdf,2025-12-12,2025-12-12,Schoolwork or Course Material,Plant UML Language Reference Guide en
Point Location (Electric Boogaloo).pdf,42154,.pdf,2025-11-20,2025-11-20,Dataset or Code,Point Location (Electric Boogaloo)
Power Bills.pdf,166988,.pdf,2025-11-20,2025-11-20,Financial Record,Power Bills
Practical 4 worksheet.docx,863826,.docx,2025-01-17,2025-01-10,Schoolwork,Practical 4 worksheet
Practical 5 worksheet.docx,201800,.docx,2025-01-17,2025-01-17,Schoolwork,Practical 5 worksheet
Practical 7 worksheet.docx,144970,.docx,2025-01-31,2025-01-31,Schoolwork,Practical 7 worksheet
Prelab report.pdf,134471,.pdf,2024-11-06,2024-11-06,Schoolwork,Prelab report
presentation final.pdf,1272605,.pdf,2025-08-12,2025-08-12,Schoolwork,presentation final
Print Boarding Passes and Security Documents _ Southwest Airlines.pdf,117558,.pdf,2025-11-20,2025-11-20,Archive or Backup,Print Boarding Passes and Security Documents Southwest Airlines
Problem Brief.pdf,525456,.pdf,2025-06-25,2025-06-25,Schoolwork or Course Material,Problem Brief
Problems_ECE233_Exam1_SRT 1.pdf,1005110,.pdf,2024-10-03,2024-10-03,Schoolwork,Problems ECE233 Exam1 SRT 1
Profile.png,466790,.png,2025-12-18,2025-12-18,Photo or Image,Profile
project-3-at-2025-07-02-13-07-8ab3381d.json,21134,.json,2025-07-02,2025-07-02,Dataset or Code,project 3 at 2025 07 02 13 07 8ab3381d
projectm1.pdf,125369,.pdf,2025-04-29,2025-04-28,Dataset or Code,projectm1
puml.puml,1104,.puml,2026-02-05,2026-02-05,Other,puml
Purchase Confirmation _ Southwest Airlines.pdf,726652,.pdf,2025-10-18,2025-10-18,Dataset or Code,Purchase Confirmation Southwest Airlines
pybadge_arcada_sinewave.UF2,1048576,.UF2,2025-02-06,2025-02-06,Other,pybadge arcada sinewave
python-manager-25.0.msix,45926634,.msix,2025-11-15,2025-11-15,Software Installer,python manager 25 0
QueryOpt.pptx,215908,.pptx,2025-02-14,2025-02-14,Dataset or Code,Query Opt
Question4.sql,182,.sql,2025-01-10,2025-01-10,Dataset or Code,Question4
Question5.sql,311,.sql,2025-01-10,2025-01-10,Dataset or Code,Question5
Question6.sql,292,.sql,2025-01-10,2025-01-10,Dataset or Code,Question6
Quiz1_CheatSheet.pdf,3899,.pdf,2025-09-29,2025-09-29,Schoolwork,Quiz1 Cheat Sheet
Quiz1_CheatSheet_Updated.pdf,4399,.pdf,2025-09-29,2025-09-29,Schoolwork,Quiz1 Cheat Sheet Updated
RA Tracker Learning experience report.pdf,72892,.pdf,2024-11-18,2024-11-18,Schoolwork or Course Material,RA Tracker Learning experience report
Racket.xlsx,4724,.xlsx,2025-01-23,2025-01-23,Dataset or Code,Racket
rag-chatbot-credentials.env,1643,.env,2025-08-11,2025-08-11,Other,rag chatbot credentials
rag-chatbot-credentials.txt,1153,.txt,2025-08-11,2025-08-11,Dataset or Code,rag chatbot credentials
RAG_Lesson.html,346863,.html,2026-02-11,2026-02-11,Schoolwork or Course Material,RAG Lesson
Random variables and CDFs_241220_093853.pdf,1417063,.pdf,2025-01-16,2025-01-16,Dataset or Code,Random variables and CD Fs 241220 093853
RandomForests.html,442634,.html,2026-02-03,2026-02-03,Dataset or Code,Random Forests
Read Me.txt,1919,.txt,2024-11-25,2026-02-15,Schoolwork or Course Material,Read Me
RealEstate.csv,45702,.csv,2025-12-16,2025-12-16,Dataset or Code,Real Estate
RegFile.v,905,.v,2025-01-16,2025-01-16,Dataset or Code,Reg File
regfiledo.png,189886,.png,2025-01-16,2025-01-16,Photo or Image,regfiledo
Reinforcement_Learning-Based_Cache_Replacement_Policies_for_Multicore_Processors.pdf,1341567,.pdf,2025-05-19,2025-05-19,Schoolwork,Reinforcement Learning Based Cache Replacement Policies for Multicore Processors
Relational Algebra.pptx,127272,.pptx,2024-12-09,2024-12-09,Dataset or Code,Relational Algebra
Release Plan - Client Release Plan.pdf,52335,.pdf,2025-11-15,2025-11-15,Personal Documentation,Release Plan Client Release Plan
Release Plan.pdf,55182,.pdf,2025-11-12,2025-11-12,Personal Documentation,Release Plan
Release Plan.xlsx,11426,.xlsx,2025-11-12,2025-11-12,Personal Documentation,Release Plan
requirements.txt,73,.txt,2025-08-04,2025-08-04,Schoolwork or Course Material,requirements
Resonance in Strings Lab Report.docx,113620,.docx,2024-10-18,2024-10-18,Schoolwork,Resonance in Strings Lab Report
Result.csv,86,.csv,2025-01-08,2025-01-08,Dataset or Code,Result
revision-and-reflection-template.docx,255744,.docx,2026-01-08,2026-01-08,Archive or Backup,revision and reflection template
RH330 Final Report .docx,1525742,.docx,2024-12-20,2024-12-19,Schoolwork,RH330 Final Report
RICE Plan.pdf,59670,.pdf,2025-11-08,2025-11-08,Schoolwork or Course Material,RICE Plan
RICE Plan.xlsx,5467,.xlsx,2025-11-08,2025-11-08,Schoolwork or Course Material,RICE Plan
RICE Scores.pdf,67768,.pdf,2025-11-12,2025-11-12,Schoolwork or Course Material,RICE Scores
RishiMark_Lab2_Checkpoint2.pdf,362599,.pdf,2024-09-27,2024-09-27,Schoolwork,Rishi Mark Lab2 Checkpoint2
rootkey.csv,99,.csv,2025-06-25,2025-06-25,Dataset or Code,rootkey
rt-polarity_test.csv,275712,.csv,2026-02-11,2026-02-11,Dataset or Code,rt polarity test
sageattention-2.2.0+cu128torch2.7.1-cp311-cp311-win_amd64.whl,12127814,.whl,2025-07-03,2025-07-03,Software Installer,sageattention 2 2 0+cu128torch2 7 1 cp311 cp311 win amd64
sample.aux,559,.aux,2025-12-04,2025-12-04,Other,sample
sample.fdb_latexmk,2083,.fdb_latexmk,2025-12-04,2025-12-04,Other,sample
sample.fls,2354,.fls,2025-12-04,2025-12-04,Other,sample
sample.log,13919,.log,2025-12-04,2025-12-04,Other,sample
sample.out,0,.out,2025-12-04,2025-12-04,Other,sample
sample.pdf,188857,.pdf,2025-12-04,2025-12-04,Dataset or Code,sample
sample.tex,3557,.tex,2025-12-04,2025-12-04,Dataset or Code,sample
SampleMemo.pdf,17978,.pdf,2025-03-13,2025-03-13,Schoolwork or Course Material,Sample Memo
Sanil Lab 7 Final.pdf,489788,.pdf,2024-11-13,2024-11-13,Schoolwork,Sanil Lab 7 Final
savefile.cns,7617,.cns,2025-12-15,2025-12-15,Other,savefile
savefile.cns.bak,7617,.bak,2025-12-15,2025-12-15,Archive or Backup,savefile cns
SaveFile.es3,77552,.es3,2025-12-15,2025-12-15,Other,Save File
SaveFile.es3.bac,77568,.bac,2025-12-15,2025-12-15,Archive or Backup,Save File es3
Schema Handout.docx,519931,.docx,2024-12-11,2024-12-11,Schoolwork or Course Material,Schema Handout
scores_2026-02-15.csv,628,.csv,2026-02-19,2026-02-19,Dataset or Code,scores 2026 02 15
Screenshot (54).png,182680,.png,2024-09-14,2024-09-14,Photo or Image,Screenshot (54)
Screenshot 2024-09-20 134148.png,24513,.png,2024-09-20,2024-09-20,Photo or Image,Screenshot 2024 09 20 134148
Screenshot 2024-09-21 162800.png,78500,.png,2024-09-21,2024-09-21,Photo or Image,Screenshot 2024 09 21 162800
Screenshot 2024-10-01 154535.png,64452,.png,2024-10-01,2024-10-01,Photo or Image,Screenshot 2024 10 01 154535
Screenshot 2024-10-15 181647.png,55804,.png,2024-10-15,2024-10-15,Photo or Image,Screenshot 2024 10 15 181647
Screenshot 2024-10-24 104623.png,147179,.png,2024-10-24,2024-10-24,Photo or Image,Screenshot 2024 10 24 104623
Screenshot 2024-10-26 194325.png,348570,.png,2024-10-26,2024-10-26,Photo or Image,Screenshot 2024 10 26 194325
Screenshot 2025-03-19 at 9.48.46 AM.png,134994,.png,2025-12-12,2025-12-12,Photo or Image,Screenshot 2025 03 19 at 9 48 46 AM
Screenshot 2025-09-12 110924.pdf,32170,.pdf,2025-09-12,2025-09-12,Dataset or Code,Screenshot 2025 09 12 110924
Screenshot 2025-11-14 194935.png,102180,.png,2025-11-15,2025-11-15,Photo or Image,Screenshot 2025 11 14 194935
Screenshot 2025-12-03 185657.png,21973,.png,2025-12-03,2025-12-03,Photo or Image,Screenshot 2025 12 03 185657
Screenshot_2025-03-05_at_3.25.47_PM.png,1237105,.png,2025-04-07,2025-04-07,Photo or Image,Screenshot 2025 03 05 at 3 25 47 PM
script.js,1278,.js,2024-10-03,2024-10-03,Dataset or Code,script
SDIA - Rubric.doc,42496,.doc,2025-01-25,2025-01-25,Schoolwork or Course Material,SDIA Rubric
SearchService.java,2522,.java,2025-02-15,2025-02-15,Dataset or Code,Search Service
Security and Data Integrity Analysis - Instructions.docx,23463,.docx,2025-01-25,2025-01-25,Research Paper,Security and Data Integrity Analysis Instructions
Security and Data Integrity Analysis Report.pdf,249328,.pdf,2025-01-26,2025-01-26,Research Paper,Security and Data Integrity Analysis Report
Security_and_Data_Integrity_example.docx,15749,.docx,2025-01-25,2025-01-25,Schoolwork,Security and Data Integrity example
segB.jpg,107304,.jpg,2024-10-09,2024-10-09,Photo or Image,seg B
serial-tuning.pdf,176188,.pdf,2025-10-03,2025-10-03,Dataset or Code,serial tuning
server.properties,1457,.properties,2025-12-03,2025-12-03,Other,server
Settings.json,1967,.json,2025-04-27,2025-04-27,Dataset or Code,Settings
shift_cell_vwf.png,217639,.png,2024-10-28,2024-10-28,Photo or Image,shift cell vwf
Shoe.xlsx,4749,.xlsx,2025-01-23,2025-01-23,Schoolwork or Course Material,Shoe
signature.png,13311,.png,2025-11-15,2025-11-15,Photo or Image,signature
singlecycle_rtl.pdf,38288,.pdf,2025-01-20,2025-01-20,Dataset or Code,singlecycle rtl
Slides_2025-12-04.pdf,10797546,.pdf,2025-12-09,2025-12-09,Schoolwork,Slides 2025 12 04
SodasByRestaurantService.java,3489,.java,2025-01-21,2025-01-21,Dataset or Code,Sodas By Restaurant Service
solution.py,4722,.py,2025-11-15,2025-11-15,Dataset or Code,solution
Spec 4B Catalan numbers_250520_094233.pdf,2443651,.pdf,2025-05-23,2025-05-23,Dataset or Code,Spec 4B Catalan numbers 250520 094233
Spring 2025 returning offer letter - Mark Joseph Kenny.pdf,188794,.pdf,2025-02-26,2025-02-26,Dataset or Code,Spring 2025 returning offer letter Mark Joseph Kenny
Sproc.pptx,420839,.pptx,2025-01-10,2025-01-10,Archive or Backup,Sproc
sprocs.sql,849,.sql,2025-02-14,2025-02-14,Dataset or Code,sprocs
SQLContinued.pptx,201504,.pptx,2024-12-18,2024-12-18,Dataset or Code,SQL Continued
SQLIntroduction.pptx,248641,.pptx,2024-12-14,2024-12-14,Dataset or Code,SQL Introduction
src.png,76594,.png,2025-02-22,2025-02-22,Photo or Image,src
Steves CC3 2026- PubSub Observer.pdf,1292450,.pdf,2026-01-16,2026-01-16,Dataset or Code,Steves CC3 2026 Pub Sub Observer
Stocks15yr.csv,129808883,.csv,2026-01-13,2026-01-13,Dataset or Code,Stocks15yr
Storage_Hashing.pptx,590558,.pptx,2025-02-03,2025-02-03,Archive or Backup,Storage Hashing
Student Financial Responsibility Agreement signature last pg.pdf,177066,.pdf,2025-02-18,2025-02-18,Personal Documentation,Student Financial Responsibility Agreement signature last pg
submission_192685278.pdf,245876,.pdf,2024-09-18,2024-09-18,Dataset or Code,submission 192685278
submission_226384930.pdf,3310012,.pdf,2025-02-04,2025-02-04,Dataset or Code,submission 226384930
submission_244340967.pdf,7396083,.pdf,2024-10-04,2024-10-04,Dataset or Code,submission 244340967
submission_252733040.pdf,1400664,.pdf,2024-10-24,2024-10-24,Dataset or Code,submission 252733040
submission_253791544.pdf,1369300,.pdf,2024-11-07,2024-11-07,Dataset or Code,submission 253791544
submission_254635515.pdf,1467937,.pdf,2024-11-15,2024-11-15,Dataset or Code,submission 254635515
submission_267613723.pdf,815825,.pdf,2024-12-13,2024-12-13,Dataset or Code,submission 267613723
submission_269676305.pdf,391918,.pdf,2025-01-10,2025-01-10,Dataset or Code,submission 269676305
submission_269928670.pdf,1243326,.pdf,2024-09-26,2024-09-26,Archive or Backup,submission 269928670
submission_269928938-combined.pdf,2870878,.pdf,2024-10-03,2024-10-03,Archive or Backup,submission 269928938 combined
submission_269928938.pdf,959020,.pdf,2024-10-03,2024-10-03,Dataset or Code,submission 269928938
submission_272538188.pdf,1328944,.pdf,2024-10-03,2024-10-03,Dataset or Code,submission 272538188
submission_272668108.pdf,2362529,.pdf,2025-01-10,2025-01-10,Dataset or Code,submission 272668108
submission_275775785.pdf,253129,.pdf,2025-01-14,2025-01-14,Dataset or Code,submission 275775785
submission_276039603.pdf,2810712,.pdf,2025-01-10,2025-01-10,Dataset or Code,submission 276039603
submission_277672566.pdf,3832028,.pdf,2025-04-11,2025-04-11,Dataset or Code,submission 277672566
submission_284595242.pdf,3184184,.pdf,2025-02-06,2025-02-06,Dataset or Code,submission 284595242
submission_288894492.pdf,4078491,.pdf,2025-02-23,2025-02-23,Dataset or Code,submission 288894492
submission_289081805.pdf,3726522,.pdf,2025-02-21,2025-02-21,Dataset or Code,submission 289081805
submission_297335379.pdf,3102895,.pdf,2025-03-18,2025-03-18,Dataset or Code,submission 297335379
submission_297887505.pdf,1870520,.pdf,2025-12-15,2025-12-15,Dataset or Code,submission 297887505
submission_302054057.pdf,1654259,.pdf,2025-04-24,2025-04-24,Dataset or Code,submission 302054057
submission_305300181.pdf,3368278,.pdf,2025-05-08,2025-05-08,Dataset or Code,submission 305300181
submission_306530403.pdf,3273874,.pdf,2025-05-07,2025-05-07,Dataset or Code,submission 306530403
SUMMARY.pdf,98610,.pdf,2025-04-15,2025-04-15,Schoolwork or Course Material,SUMMARY
Superbowls2025.csv,6106,.csv,2025-12-11,2025-12-11,Dataset or Code,Superbowls2025
syllabus for redesign activity.docx,30495,.docx,2024-12-20,2024-12-13,Schoolwork,syllabus for redesign activity
Syllabus-Policy.pdf,64461,.pdf,2025-12-08,2025-12-08,Schoolwork,Syllabus Policy
Syllabus.docx,45120,.docx,2025-11-18,2025-11-18,Schoolwork,Syllabus
t.html,978,.html,2025-06-24,2025-06-24,Dataset or Code,t
T1-outline.pdf,48103,.pdf,2026-01-08,2026-01-08,Schoolwork or Course Material,T1 outline
T1_practice_W2024-25.pdf,64531,.pdf,2026-01-08,2026-01-08,Schoolwork or Course Material,T1 practice W2024 25
Task List.txt,322,.txt,2025-09-12,2025-09-08,Schoolwork or Course Material,Task List
Tata_Azure OpenAI PoCs Demo_Tender SummAIze_Rev2.pdf,2140128,.pdf,2025-08-12,2025-08-12,Dataset or Code,Tata Azure Open AI Po Cs Demo Tender Summ A Ize Rev2
tb_ImmGen.v,3717,.v,2025-01-16,2025-01-16,Dataset or Code,tb Imm Gen
tb_memory.do,1675,.do,2025-01-16,2025-01-16,Other,tb memory
tb_memory.v,8585,.v,2025-01-16,2025-01-16,Dataset or Code,tb memory
tb_RegFile.v,2943,.v,2025-01-16,2025-01-16,Dataset or Code,tb Reg File
Technical.drawio.png,244471,.png,2025-02-21,2025-02-21,Photo or Image,Technical drawio
Technical.jpg,151364,.jpg,2025-02-15,2025-02-15,Photo or Image,Technical
TempCoverLetter.pdf,72921,.pdf,2024-12-12,2024-12-12,Personal Documentation,Temp Cover Letter
TempResume.pdf,66500,.pdf,2024-12-12,2024-12-12,Personal Documentation,Temp Resume
Test 1 Langley Spring 2020.pdf,1779894,.pdf,2025-05-01,2025-05-01,Schoolwork or Course Material,Test 1 Langley Spring 2020
Test 1 Tarrant.pdf,290217,.pdf,2024-12-17,2024-12-17,Schoolwork or Course Material,Test 1 Tarrant
Test 2 Langley Spring 2020.pdf,1790090,.pdf,2025-04-25,2025-04-25,Schoolwork or Course Material,Test 2 Langley Spring 2020
test-1.wav,303438,.wav,2025-07-04,2025-07-04,Media or Entertainment,test 1
test-2.wav,293838,.wav,2025-07-04,2025-07-04,Media or Entertainment,test 2
test.c,74,.c,2025-11-15,2025-11-15,Dataset or Code,test
Test.py,671,.py,2026-02-13,2026-02-13,Dataset or Code,Test
testy.js,856159,.js,2025-01-14,2025-01-14,Dataset or Code,testy
testygp.js,3970,.js,2025-01-14,2025-01-14,Dataset or Code,testygp
test_annotation.json,717,.json,2025-07-01,2025-07-01,Dataset or Code,test annotation
"Text 1 McSweeey Tues Jan 14, 2020.pdf",1104765,.pdf,2025-12-17,2025-12-17,Archive or Backup,"Text 1 Mc Sweeey Tues Jan 14, 2020"
"Text 2 McSweeney Tues Feb 11, 2020.pdf",1140611,.pdf,2026-02-21,2026-02-21,Archive or Backup,"Text 2 Mc Sweeney Tues Feb 11, 2020"
Text 3 Langley Spring 2020.pdf,1230227,.pdf,2025-05-28,2025-05-28,Schoolwork or Course Material,Text 3 Langley Spring 2020
Thalasso Master Document 8-7-24.pdf,290788,.pdf,2024-10-09,2024-10-09,Dataset or Code,Thalasso Master Document 8 7 24
Thank you sound effect.mp3,19781,.mp3,2025-05-23,2025-05-23,Media or Entertainment,Thank you sound effect
thank-you.png,79044,.png,2025-05-23,2025-05-23,Photo or Image,thank you
The Apothecary Diaries_ Volume 15.pdf,14866969,.pdf,2026-01-04,2026-01-04,Schoolwork or Course Material,The Apothecary Diaries Volume 15
The Cache Machines.pdf,2707708,.pdf,2025-04-10,2025-04-10,Archive or Backup,The Cache Machines
The Rust Programming Language.pdf,15473396,.pdf,2025-09-08,2025-09-08,Schoolwork or Course Material,The Rust Programming Language
the witness hexagon 1.png,1974314,.png,2024-08-04,2024-08-04,Photo or Image,the witness hexagon 1
the witness hexagon 2.png,360835,.png,2024-08-07,2024-08-06,Photo or Image,the witness hexagon 2
The Witness Notes.txt,692,.txt,2024-08-29,2024-08-06,Schoolwork,The Witness Notes
The_Age_of_Migration.bibtex,316,.bibtex,2025-11-15,2025-11-15,Other,The Age of Migration
The_Tourist_Gaze_1_0_2_0_and_3_0.pdf,131464,.pdf,2025-10-15,2025-10-15,Dataset or Code,The Tourist Gaze 1 0 2 0 and 3 0
timing.pdf,13375,.pdf,2025-10-03,2025-09-24,Dataset or Code,timing
tips.csv,11088,.csv,2025-12-16,2025-12-16,Dataset or Code,tips
Towed_Vehicles.csv,350442,.csv,2025-12-08,2025-12-08,Dataset or Code,Towed Vehicles
TPL-MS-Teams-Background 2.jpg,305743,.jpg,2025-06-25,2025-06-25,Photo or Image,TPL MS Teams Background 2
TPL_Internship_Presentation.pptx,31576,.pptx,2025-08-12,2025-08-12,Schoolwork or Course Material,TPL Internship Presentation
Transactions.pptx,155664,.pptx,2025-02-14,2025-02-14,Dataset or Code,Transactions
transcript.pdf,292237,.pdf,2025-12-14,2025-12-14,Personal Documentation,transcript
Triggers.pptx,179603,.pptx,2025-02-14,2025-02-14,Dataset or Code,Triggers
tumblr_3e0df92ecc9564d2e8b3f6dbd01aae98_cead85d9_500.jpeg,878788,.jpeg,2025-05-23,2025-05-23,Photo or Image,tumblr 3e0df92ecc9564d2e8b3f6dbd01aae98 cead85d9 500
ubuntu-24.04.2-desktop-amd64.iso,6343219200,.iso,2025-04-05,2025-04-05,Software Installer,ubuntu 24 04 2 desktop amd64
Uml Cheat Sheet FINAL.pdf,74451,.pdf,2025-12-12,2025-12-12,Schoolwork,Uml Cheat Sheet FINAL
Uml Cheat Sheet.docx,13699,.docx,2025-12-12,2025-12-12,Schoolwork or Course Material,Uml Cheat Sheet
Uml Cheat Sheet.pdf,24455,.pdf,2025-12-12,2025-12-12,Schoolwork or Course Material,Uml Cheat Sheet
Untitled design.mp4,73633907,.mp4,2026-02-21,2026-02-21,Media or Entertainment,Untitled design
Untitled document.pdf,114597,.pdf,2024-11-09,2024-11-09,Archive or Backup,Untitled document
Untitled-1.c,74,.c,2025-11-15,2025-11-15,Dataset or Code,Untitled 1
Untitled.png,13260,.png,2024-10-15,2024-10-15,Photo or Image,Untitled
updateOrderDetails.sql,2278,.sql,2025-01-17,2025-01-17,Dataset or Code,update Order Details
Use Case Diagram.pdf,113994,.pdf,2025-10-04,2025-10-04,Personal Documentation,Use Case Diagram
Ventures fall internship offer.eml,4661465,.eml,2024-09-20,2024-09-20,Other,Ventures fall internship offer
vertopal.com_MA473Notes2BigOnotes.latex,15563,.latex,2025-12-02,2025-12-02,Schoolwork,vertopal com MA473Notes2Big Onotes
Visa.jpg,339852,.jpg,2025-04-15,2025-04-15,Photo or Image,Visa
vise.jpeg,339852,.jpeg,2025-09-02,2025-09-02,Photo or Image,vise
VisualizingFriendships_large.png,3954281,.png,2025-12-01,2025-12-01,Photo or Image,Visualizing Friendships large
Vitals.csv,1981,.csv,2025-12-12,2025-12-12,Dataset or Code,Vitals
"VitalSource Bookshelf_ Writing with Focus, Clarity, and Accuracy.pdf",119818,.pdf,2024-12-06,2024-12-06,Schoolwork or Course Material,"Vital Source Bookshelf Writing with Focus, Clarity, and Accuracy"
W16.pdf,39179,.pdf,2024-11-18,2024-11-18,Schoolwork or Course Material,W16
W2_Form.pdf,25488,.pdf,2025-04-11,2025-04-11,Schoolwork or Course Material,W2 Form
W4NR.pdf,137598,.pdf,2025-04-15,2025-04-15,Dataset or Code,W4NR
w8benic16.pdf,240905,.pdf,2025-04-15,2025-04-15,Dataset or Code,w8benic16
WasmEdge-0.14.1-windows.msi,18763776,.msi,2026-02-24,2026-02-24,Software Installer,Wasm Edge 0 14 1 windows
Water Flow.pdf,122686,.pdf,2025-11-20,2025-11-20,Dataset or Code,Water Flow
Waterfall.jpg,239662,.jpg,2025-12-18,2025-12-18,Photo or Image,Waterfall
Week 3 Feedback Report.pdf,1904542,.pdf,2024-10-03,2024-10-03,Schoolwork or Course Material,Week 3 Feedback Report
Week 4 Feedback Report.pdf,195107,.pdf,2024-10-10,2024-10-10,Schoolwork or Course Material,Week 4 Feedback Report
Wellfleet-Form-W9-wEdits-Final-01192018_1-Page.pdf,164075,.pdf,2025-01-17,2025-01-17,Schoolwork,Wellfleet Form W9 w Edits Final 01192018 1 Page
WhatsApp Image 2025-05-02 at 13.39.46.jpeg,512269,.jpeg,2025-05-02,2025-05-02,Photo or Image,Whats App Image 2025 05 02 at 13 39 46
WhatsApp Image 2025-05-02 at 13.39.48.jpeg,493332,.jpeg,2025-05-02,2025-05-02,Photo or Image,Whats App Image 2025 05 02 at 13 39 48
WhatsApp Image 2025-12-14 at 10.15.56_70d0910f.jpg,23840,.jpg,2025-12-14,2025-12-14,Photo or Image,Whats App Image 2025 12 14 at 10 15 56 70d0910f
WhatsApp Ptt 2025-06-12 at 11.28.01.ogg,330619,.ogg,2025-10-11,2025-10-11,Media or Entertainment,Whats App Ptt 2025 06 12 at 11 28 01
Whitley_-_Genetic_Algorithms_and_Neural.pdf,209294,.pdf,2025-06-02,2025-06-02,Schoolwork,Whitley Genetic Algorithms and Neural
Wildcard Pattern Match.pdf,45508,.pdf,2025-11-20,2025-11-20,Dataset or Code,Wildcard Pattern Match
Win11_25H2_EnglishInternational_x64.iso,7754645504,.iso,2026-01-12,2026-01-12,Software Installer,Win11 25H2 English International x64
Wine_red.csv,84199,.csv,2026-01-31,2026-01-31,Dataset or Code,Wine red
Wine_white.csv,264426,.csv,2026-01-24,2026-01-24,Dataset or Code,Wine white
witness garden 4.png,158509,.png,2024-08-06,2024-08-06,Photo or Image,witness garden 4
witness garden tree thing 2.png,867410,.png,2024-08-25,2024-08-25,Photo or Image,witness garden tree thing 2
witness pic 2 boatyard.png,2193015,.png,2024-08-06,2024-08-06,Photo or Image,witness pic 2 boatyard
Wk 1 Day 3 in-class-textual-analysis-Steve.docx,21480,.docx,2025-12-05,2025-12-05,Research Paper,Wk 1 Day 3 in class textual analysis Steve
Wk 2 Day 1 in-class-chess-walkthrough-Steve.docx,23903,.docx,2025-12-11,2025-12-11,Schoolwork or Course Material,Wk 2 Day 1 in class chess walkthrough Steve
Wk 4 day 2 in-class-observer-pattern.docx,1102785,.docx,2026-02-05,2026-02-05,Schoolwork or Course Material,Wk 4 day 2 in class observer pattern
Wk 9 opt in-class-creational-patterns.docx,491550,.docx,2026-02-03,2026-02-03,Schoolwork or Course Material,Wk 9 opt in class creational patterns
Work Notes.pdf,202006,.pdf,2025-08-12,2025-08-12,Schoolwork,Work Notes
work.html,2412396,.html,2026-02-17,2026-02-17,Dataset or Code,work
Work_Quadralynx_Memo.pdf,37070,.pdf,2025-05-13,2025-05-13,Schoolwork or Course Material,Work Quadralynx Memo
www_rose_hulman_edu_class_csse_csse335_assignments_quiz2_rev.pdf,79261,.pdf,2025-10-24,2025-10-24,Schoolwork,www rose hulman edu class csse csse335 assignments quiz2 rev
zyBooks_0-3.pdf,4507443,.pdf,2024-09-05,2024-09-05,Schoolwork or Course Material,zy Books 0 3
[Contemporary Sociology_ A Journal of Reviews 1977-mar vol. 6 iss. 2] Review by_ Suzanne Wedow - The Tourist_ A New Theory of the Leisure Class.by Dean MacCannell (1977) [10.2307_2065807] - libgen.li.pdf,522356,.pdf,2025-10-14,2025-10-14,Research Paper,[Contemporary Sociology A Journal of Reviews 1977 mar vol 6 iss 2] Review by Suzanne Wedow The Tourist A New Theory of the Leisure Class by Dean Mac Cannell (1977) [10 2307 2065807] libgen li
"[Neural Computing and Applications 2018-may 09 vol. 31 iss. 10] Sakar, C. Okan_ Polat, S. Olcay_ Katircioglu, Mete_ Kastro, Yomi - Real-time prediction of online shoppers’ purchasing intention using multilayer perce.pdf",942852,.pdf,2026-01-16,2026-01-16,Schoolwork,"[Neural Computing and Applications 2018 may 09 vol 31 iss 10] Sakar, C Okan Polat, S Olcay Katircioglu, Mete Kastro, Yomi Real time prediction of online shoppers’ purchasing intention using multilayer perce"
[Raze] Yuusha-kei ni Shosu - 01 (Dual-Audio) x265 10bit 1080p 143.8561fps_track4.eng.ass.xz,17208,.xz,2026-01-04,2026-01-04,Archive or Backup,[Raze] Yuusha kei ni Shosu 01 (Dual Audio) x265 10bit 1080p 143 8561fps track4 eng ass
~$MJK Offboarding [Autosaved].pptx,165,.pptx,2025-08-13,2025-08-13,Archive or Backup,~$MJK Offboarding [Autosaved]
~WRL0005.tmp,23532,.tmp,2025-10-24,2025-10-24,Archive or Backup,~WRL0005
